race_key,race,state,d_name,r_name,other_name,d_raised,r_raised,other_raised,raised_window,raised_share_d,d_cash,r_cash,other_cash,cash_as_of,cash_share_d,usable_for_model,outside_and_allied_money,notes,sources,checked
G:AL:,Alabama Governor,AL,Doug Jones,Tommy Tuberville,,5880000,15660000,,cycle through 2026-09-30,0.273,2200000,6500000,,2026-09-30,0.2529,raised and cash,,"Raised = cycle through Aug 31 plus September, summed",https://aldailynews.com/?p=192080 ; https://www.newsfromthestates.com/node/430925,2026-10-08
G:AK:,Alaska Governor,AK,Jonathan Kreiss-Tomkins,Bernadette Wilson,Dave Bronson; Treg Taylor,4000000,,,not comparable,,1000000,207000,36000,2026-10-02,0.8285,cash only,RGA moved 1.6M to Kodiak PAC; DGA put 650K into pro Kreiss-Tomkins Forward Frontier,Top four ballot with three Republicans; Kreiss-Tomkins totals self reported; Bronson raised 57K cash 6K and Taylor raised 268K cash 30K in the latest period,https://thealaskastory.com/fundraising-reports-sharpen-governors-race-wilson-leads-republicans-while-jkt-holds-a-commanding-money-advantage/,2026-10-08
G:AZ:,Arizona Governor,AZ,Katie Hobbs,Andy Biggs,,2600000,916700,,Q2 2026 only,0.7393,2400000,1200000,,2026-06-30,0.6667,raised and cash,DGA pledged 10M for Hobbs,Report through Sep 30 due Oct 15; KTAR put Hobbs Q2 cash near 1.4M,https://azmirror.com/?p=27721,2026-10-08
G:AR:,Arkansas Governor,AR,Fredrick Love,Sarah Huckabee Sanders,,193000,7700000,,cycle through 2026-06-30,0.0245,7500,5100000,,2026-06-30,0.0015,raised and cash,,No later report found,https://arkadelphian.com/2026/07/23/governor-has-money-opponents-had-debate/,2026-10-08
G:CA:,California Governor,CA,Xavier Becerra,Steve Hilton,,29748565,21390703,,"cycle through latest Form 460, September",0.5817,6200000,2100000,,2026-06-30,0.747,raised and cash,,Cash is Jun 30; Hilton also had 1.4M unpaid bills then,https://kmph.com/news/beyond-the-podium/breakdown-of-becerra-hilton-campaign-contributions,2026-10-08
G:CO:,Colorado Governor,CO,Phil Weiser,Victor Marx,,1700000,1100000,,Q3 2026 only,0.6071,724879,158176,,2026-10-01,0.8209,raised and cash,,Weiser raised 6.7M for the primary,https://coloradonewsline.com/2026/10/08/weiser-democrats-fundraising-edge/,2026-10-08
G:CT:,Connecticut Governor,CT,Ned Lamont,Ryan Fazio,,,,,not comparable,,,,,,,no,,Lamont self funded 10.2M through Aug 31; Fazio takes an 18M public financing grant; no comparable totals found,https://ctmirror.org/2026/09/14/ct-public-campaign-financing-what-to-know/,2026-10-08
G:FL:,Florida Governor,FL,David Jolly,Byron Donalds,,8200000,13300000,,"campaign account, cycle through 2026-09-11",0.3814,,,,,,raised only,All accounts Oct 6: Donalds above 134M with Friends of Byron Donalds PAC at 107.6M; Jolly under 17M with Florida 2026 PAC at 6.4M,Campaign accounts understate this race; use all accounts if the model counts allied PACs; Jolly has 2.1M state matching funds,https://www.newsfromthestates.com/node/431021,2026-10-08
G:GA:,Georgia Governor,GA,Keisha Lance Bottoms,Rick Jackson,,5700000,118000000,,cycle through 2026-07-31,0.0461,770000,4300000,,2026-07-31,0.1519,raised and cash,RGA gave Jackson's effort 10M; DGA gave Bottoms 7M per AdImpact,Jackson put in more than 100M of his own money; AJC puts all account cash near 11M Jackson and 1.3M Bottoms,https://roughdraftatlanta.com/2026/08/11/rick-jackson-outpaces-bottoms-fundraising/,2026-10-08
G:HI:,Hawaii Governor,HI,Josh Green,Gary Cordery,,3700000,300000,,not comparable,,2000000,,,,,no,,Green total is recent cycle figure; Cordery is through Jun 30 and reportedly spent; Green cash is Jun 30,https://www.civilbeat.org/2026/10/cordery-runs-against-hawaii-gov-josh-green/,2026-10-08
G:ID:,Idaho Governor,ID,Terri Pickens,Brad Little,,217520,2309940,,2026 contributions through 2026-09-30,0.0861,45336,958103,,2026-06-15,0.0452,raised and cash,,Cash is mid June,https://idahocapitalsun.com/?p=32428,2026-10-08
G:IL:,Illinois Governor,IL,JB Pritzker,Darren Bailey,,90500000,2200000,,"cycle, mid 2026",0.9763,3141018,127990,,2026-06-30,0.9608,raised and cash,,"Pritzker raised is all self funding incl 65M in August, so his Jun 30 cash understates; Q3 due Oct 15",https://insider.capitolnewsillinois.com/with-65m-infusion-pritzker-has-now-self-funded-439m-since-2018-campaign-launch/,2026-10-08
G:IA:,Iowa Governor,IA,Rob Sand,Zach Lahn,,9385646,6372831,,May 27 to Jul 14 2026 only,0.5956,17957959,1045365,,2026-07-14,0.945,raised and cash,RGA gave Lahn 5M; DGA gave Sand 2.5M,Sand cycle was 27.85M through May 14; next report Oct 19,https://littlevillagemag.com/rob-sand-widens-fundraising-lead-over-lahn/,2026-10-08
G:KS:,Kansas Governor,KS,Cindy Holscher,Ty Masterson,,810582,1462533,,cycle through 2026-07-23,0.3566,64934,430212,,2026-07-23,0.1311,raised and cash,,From state filings,https://www.kansas.gov/ethics/CFAScanned/StWide/2026ElecCycle/202607/SW01TM_202607.pdf,2026-10-08
G:ME:,Maine Governor,ME,Hannah Pingree,Robert Charles,Rick Bennett,1200000,509000,146000,Jul 15 to Sep 15 2026 only,0.7022,1200000,395000,91000,2026-09-15,0.7524,raised and cash,,Through May 28 cycle: Pingree 2123468; Charles 1020570; Bennett 664631,https://www.mainepublic.org/politics/2026-09-24/hannah-pingree-leads-fundraising-in-maines-race-for-governor,2026-10-08
G:MD:,Maryland Governor,MD,Wes Moore,Dan Cox,,1727122,162512,,Jun 8 to Aug 18 2026 only,0.914,6493553,136092,,2026-08-18,0.9795,raised and cash,,Cox owed 147889,https://www.fox5dc.com/news/wes-moore-holds-nearly-48-to-1-cash-advantage-over-dan-cox-maryland-rematch,2026-10-08
G:MA:,Massachusetts Governor,MA,Maura Healey,Mike Minogue,,3780000,11580000,,2026 through August,0.2461,6860000,1500000,,,,raised only,,"Minogue mostly self funded, 17.3M over the past year; cash dates differ: Healey Aug 31, Minogue Sep 30",https://www.boston.com/news/politics/2026/09/17/charts-see-how-much-gov-maura-healey-and-mike-minogue-have-raised-so-far/,2026-10-08
G:MI:,Michigan Governor,MI,Jocelyn Benson,John James,Anthony Hudson,12500000,,,not comparable,,5900000,1500000,,2026-08-24,0.7973,cash only,DeVos backed Mission Michigan spent over 4.7M for James,Benson total self reported; James raised 1.2M Jul 20 to Aug 24 plus 371K public funding,https://bridgemi.com/michigan-government/jocelyn-benson-outraises-john-james-see-top-donors-in-michigan-governor-race/,2026-10-08
G:MN:,Minnesota Governor,MN,Amy Klobuchar,Lisa Demuth,,12500000,3090000,,cycle through 2026-09-15,0.8018,3500000,618000,,2026-09-15,0.8499,raised and cash,Restore Sanity PAC spent over 4.3M for Demuth after 13M from Restoration of America PAC,"Demuth is 2026 2.6M incl 1.3M public subsidy plus 490K in 2025, summed; approximate",https://www.mprnews.org/story/2026/09/23/money-in-minnesota-governors-race-cash-capitol-power,2026-10-08
G:NE:,Nebraska Governor,NE,Lynne Walz,Jim Pillen,,3800000,12700000,,cycle through 2026-09-29,0.2303,860000,7500000,,2026-09-29,0.1029,raised and cash,,Approximate; Pillen loaned 550K,https://nebraskapublicmedia.org/en/news/news-articles/over-165-million-raised-in-nebraska-governors-race-as-pillen-reports-triple-walzs-contributions-double-her-spending/,2026-10-08
G:NV:,Nevada Governor,NV,Aaron Ford,Joe Lombardo,,1400000,2100000,,Q2 2026 only,0.4,2600000,9200000,,2026-06-30,0.2203,raised and cash,RGA gave 5M to Lombardo's Better Nevada PAC; Lombardo PACs raised about 14M in Q2,Campaign accounts only; Q3 due Oct 15,https://thenevadaindependent.com/article/what-we-learned-from-nevadas-latest-campaign-finance-reports/,2026-10-08
G:NH:,New Hampshire Governor,NH,Cinde Warmington,Kelly Ayotte,,,6400000,,not comparable,,400000,2600000,,2026-09-02,0.1333,cash only,RGA gave Ayotte at least 2M,Warmington raised reported only as under 1M,https://nhjournal.com/analysis-dead-warmington-walking-seven-months-in-cindes-yet-to-raise-1m/,2026-10-08
G:NM:,New Mexico Governor,NM,Deb Haaland,Gregg Hull,,3400000,943000,,Jun 28 to Sep 7 2026 only,0.7829,3400000,503000,,2026-09-07,0.8711,raised and cash,,Haaland cycle 17.3M self reported,https://www.santafenewmexican.com/news/elections/haaland-dwarfs-hull-with-3-4-million-fundraising-haul-in-new-mexico-governors-race/article_4db56022-849b-4b01-91fb-71c45934c421.html,2026-10-08
G:NY:,New York Governor,NY,Kathy Hochul,Bruce Blakeman,,2600000,6340000,,mid July to Sep 28 2026 only,0.2908,18500000,178000,,2026-09-28,0.9905,raised and cash,,Hochul also raised 5.9M for the state party; Blakeman includes 1.79M from GOP committees,https://www.cityandstateny.com/politics/2026/09/one-month-out-election-day-hochul-has-more-33-million-bank/416290/,2026-10-08
G:OH:,Ohio Governor,OH,Amy Acton,Vivek Ramaswamy,,20476881,16153195,,2026 through Sep 3,0.559,18056008,38372767,,2026-09-03,0.32,raised and cash,,"From an aggregator of SOS filings; Ramaswamy figures exclude his 25M loan, which his cash includes; verify against SOS",https://crackedbuckeye.com/election/2026/governor/,2026-10-08
G:OK:,Oklahoma Governor,OK,Cyndi Munson,Mike Mazzei,,,12470000,,not comparable,,,151735,,,,no,,Mazzei about 11M in own loans; no Munson totals found,https://www.newson6.com/oklahoma-politics/millions-go-into-drummond-mazzei-campaigns-ahead-of-runoff-election,2026-10-08
G:OR:,Oregon Governor,OR,Tina Kotek,Christine Drazan,,14700000,11400000,,since Jan 2025 through 2026-10-01,0.5632,4400000,1600000,,2026-10-01,0.7333,raised and cash,DGA groups gave Kotek 2.5M,Raised from a DGA release citing state data; verify in ORESTAR,https://www.opb.org/article/2026/10/01/ten-million-dollar-political-check-oregon-election-carpenters-union/,2026-10-08
G:PA:,Pennsylvania Governor,PA,Josh Shapiro,Stacy Garrity,,31700000,3800000,,2026 through Sep 14,0.893,19800000,1300000,,2026-09-14,0.9384,raised and cash,DGA gave Shapiro 1.25M,Shapiro cycle above 60M; Garrity raised 1.5M in 2025,https://www.cityandstatepa.com/politics/2026/09/mind-gap-shapiro-raises-133m-latest-fundraising-period-garrity-brings-18m/416174/,2026-10-08
G:RI:,Rhode Island Governor,RI,Helena Foulkes,Aaron Guckian,Ken Block,529000,7000,197000,Sep 2 to Oct 5 2026 only,0.9869,214871,7273,263515,2026-10-05,0.9673,raised and cash,DGA ran a 500K independent expenditure for Foulkes,Foulkes 1.835M loan balance; Block 1.2M loans,https://www.bostonglobe.com/2026/10/07/metro/rhode-island-campaign-finance-reports-october-2026/,2026-10-08
G:SC:,South Carolina Governor,SC,Jermaine Johnson,Alan Wilson,,711000,,,not comparable,,,861000,,,,no,,Wilson Q1 cycle was 2.876M; Johnson self reports 700K raised in Q3; Q3 reports due Oct 10,https://scdailygazette.com/2026/09/03/johnson-defied-odds-in-the-sc-gubernatorial-primary-now-people-want-to-know-if-he-can-do-it-again/,2026-10-08
G:SD:,South Dakota Governor,SD,Dan Ahlers,Larry Rhoden,,,571853,,not comparable,,,170000,,,,no,,Rhoden figures are pre primary; campaign self reported 1.88M in the runoff period; no Ahlers totals,https://www.sdnewswatch.org/governor-primary-campaign-election-financing/,2026-10-08
G:TN:,Tennessee Governor,TN,Jerri Green,Marsha Blackburn,,849586,10735910,,cycle through 2026-07-27,0.0733,118002,2691224,,2026-07-27,0.042,raised and cash,Team Tennessee PAC raised 3.52M for Blackburn outside her totals,Q3 due Oct 13,https://tnfirefly.com/tennessee-governor-race/finance,2026-10-08
G:TX:,Texas Governor,TX,Gina Hinojosa,Greg Abbott,,13000000,20000000,,Jul 1 to Sep 24 2026 only,0.3939,4000000,18200000,,2026-09-24,0.1802,raised and cash,,Rounded press figures; Abbott spent 74.1M in the period and 141.3M in 2026,https://www.texastribune.org/?p=245471,2026-10-08
G:VT:,Vermont Governor,VT,Amanda Janoo,Phil Scott,,706080,414000,,cycle through 2026-10-01,0.6304,280075,295845,,2026-10-01,0.4863,raised and cash,DGA gave 40K to Our Vermont PAC,Scott also carried about 219K from past campaigns,https://vtdigger.org/2026/10/02/amanda-janoo-bests-phil-scott-in-september-campaign-fundraising-blitz/,2026-10-08
G:WI:,Wisconsin Governor,WI,David Crowley,Tom Tiffany,,12000000,43000000,,cycle through 2026-09-23,0.2182,2800000,12000000,,2026-09-23,0.1892,raised and cash,"About 24M of Tiffany's total came through the state GOP, mostly from the Uihleins and Diane Hendricks",Rounded AP figures,https://fox11online.com/news/state/3-billionaires-give-republican-tom-tiffany-a-big-cash-boost-in-governors-race-democrat-david-crowley-wisconsin-election-fundraising-politics,2026-10-08
G:WY:,Wyoming Governor,WY,Kenneth Casner,Eric Barlow,,,1700000,,not comparable,,,,,,,no,,Casner takes no money,https://www.wyomingnews.com/news/local_news/wyoming-governors-race-leads-executive-campaign-spending/article_2be42711-e3a9-4228-9923-22a7f5f80bed.html,2026-10-08
