race_key,race,state,special,d_name,d_party,d_is_independent,r_name,other_name,other_party,d_raised,r_raised,other_raised,raised_share_d,d_cash,r_cash,other_cash,cash_share_d,d_report_end,r_report_end,report_gap_days,d_outside_for,r_outside_for,outside_share_d,notes,sources,checked
S:AL:,Alabama Senate,AL,,Everett Wess,DEM,,Barry Moore,,,83341,3787330,,0.0215,0,627788,,0.0,2026-06-30,2026-06-30,0,,,,Open seat; Tuberville running for governor,https://en.wikipedia.org/wiki/2026_United_States_Senate_election_in_Alabama,2026-10-08
S:AK:,Alaska Senate,AK,,Mary Peltola,DEM,,Dan Sullivan,,,15561662,8500000,,0.6467,6100000,8300000,,0.4236,2026-06-30,2026-06-30,0,11000000,15000000,0.4231,"Peltola raised is Q1 cumulative 8661662 plus Q2 6.9M summed; Sullivan raised approximate and cash is campaign only, about 10M across committees; outside groups spent over 31M since the Aug primary with pro Sullivan groups ahead by nearly 7M; Heikes and Dan J. Sullivan also on the ballot",https://alaskapublic.org/news/politics/washington-d-c/2026-07-16/peltola-vastly-outraises-sullivan-in-alaskas-u-s-senate-race ; https://axios.com/2026/07/23/democrat-senate-super-pac-tv-ads,2026-10-08
S:AR:,Arkansas Senate,AR,,Hallie Shoffner,DEM,,Tom Cotton,,,2269114,13601049,,0.143,863578,9931885,,0.08,2026-06-30,2026-06-30,0,,,,Cotton raised may include prior cycle money,https://en.wikipedia.org/wiki/2026_United_States_Senate_election_in_Arkansas,2026-10-08
S:CO:,Colorado Senate,CO,,John Hickenlooper,DEM,,Mark Baisley,,,10285376,110000,,0.9894,2083870,26729,,0.9873,2026-06-30,2026-06-30,0,,,,Sources conflict on Baisley: Wikipedia shows 138597 raised and 50021 cash,https://www.coloradopolitics.com/2026/07/17/democrat-john-hickenlooper-hauls-in-1-3-million-in-2nd-quarter-in-colorados-u-s-senate-race/,2026-10-08
S:DE:,Delaware Senate,DE,,Chris Coons,DEM,,Michael Katz,,,6897138,159367,,0.9774,4793384,98413,,0.9799,2026-08-26,2026-08-26,0,,,,Pre primary report,https://en.wikipedia.org/wiki/2026_United_States_Senate_election_in_Delaware,2026-10-08
S:FL:,Florida Senate special,FL,yes,Angie Nixon,DEM,,Ashley Moody,,,974845,11259074,,0.0797,264978,8482821,,0.0303,2026-07-29,2026-07-29,0,,4900000,,Special; Griffin backed Stronger Safer Nation spent about 4.9M mostly attacking Nixon,https://hedgeweek.com/news/citadel-founder-backed-super-pac-spends-4-9m-in-florida-senate-race,2026-10-08
S:GA:,Georgia Senate,GA,,Jon Ossoff,DEM,,Mike Collins,,,97986263,7409350,,0.9297,42587451,2079981,,0.9534,2026-06-30,2026-06-30,0,20000000,59000000,0.2532,Ossoff raised is total receipts; GOP outside is SLF 44M plus One Nation 15M,https://www.ajc.com/politics/2026/08/gop-groups-ramp-up-spending-to-support-georgias-mike-collins/,2026-10-08
S:ID:,Idaho Senate,ID,,Todd Achilles,IND,yes,Jim Risch,,,692245,4431093,,0.1351,194226,3535956,,0.0521,2026-06-30,2026-06-30,0,,,,Democratic nominee withdrew; Achilles is the main opponent,https://en.wikipedia.org/wiki/2026_United_States_Senate_election_in_Idaho,2026-10-08
S:IL:,Illinois Senate,IL,,Juliana Stratton,DEM,,Don Tracy,,,5906599,2459890,,0.706,1107958,1512424,,0.4228,2026-06-30,2026-06-30,0,,,,Illinois Future PAC spent 11.8M for Stratton in the primary only,https://en.wikipedia.org/wiki/2026_United_States_Senate_election_in_Illinois,2026-10-08
S:IA:,Iowa Senate,IA,,Josh Turek,DEM,,Ashley Hinson,,,6276527,10217845,,0.3805,2362314,6749491,,0.2593,2026-06-30,2026-06-30,0,30400000,29000000,0.5118,"Dem outside is SMP fall reservations; GOP outside is a 29M investment announced in April, not confirmed reservations",https://iowacapitaldispatch.com/briefs/national-democratic-pac-announces-17m-fall-ad-buy-targeting-ashley-hinson/,2026-10-08
S:KS:,Kansas Senate,KS,,Adam Hamilton,DEM,,Roger Marshall,,,4169078,4009075,,0.5098,1730621,5388078,,0.2431,2026-07-15,2026-07-15,0,556000,8200000,0.0635,Marshall raised is 2025 to 2026 only; outside per AdImpact via AP Oct 2,https://www.kctv5.com/2026/10/02/senate-republicans-move-more-cash-kansas-marshall-hamilton-race-heats-up/,2026-10-08
S:KY:,Kentucky Senate,KY,,Charles Booker,DEM,,Andy Barr,,,1099509,9981055,,0.0992,309623,2305546,,0.1184,2026-06-30,2026-06-30,0,,,,Barr includes money moved from his House account,https://www.fec.gov/data/candidate/S6KY00286/?cycle=2026,2026-10-08
S:LA:,Louisiana Senate,LA,,Jamie Davis,DEM,,Julia Letlow,,,,6210122,,,479000,1427072,,0.2513,2026-06-30,2026-06-30,0,,,,Davis cycle reported only as just under 2M; Cassidy lost the primary,https://www.shreveportbossieradvocate.com/news/state_politics/louisiana-us-senate-house-q2-second-quarter-campaign-fundraising/article_c8eaf0b5-9353-5ca0-a2c3-d82051d521df.html,2026-10-08
S:ME:,Maine Senate,ME,,Troy Jackson,DEM,,Susan Collins,,,7000000,16169827,,,,11038115,,,2026-08-15,2026-06-30,46,,,,Jackson has filed no FEC report yet; 7M is his campaign's claim since the Jul 25 nomination; by mid Sept GOP ads topped 80M vs under 60M for Dems,https://www.wbur.org/news/2026/10/06/troy-jackson-campaign-susan-collins-midterms-stretch,2026-10-08
S:MA:,Massachusetts Senate,MA,,Ed Markey,DEM,,John Deaton,,,5352148,1561360,,0.7742,1348676,712417,,0.6543,2026-08-12,2026-08-12,0,,,,Pre primary report,https://www.fec.gov/data/candidate/S4MA00028/,2026-10-08
S:MI:,Michigan Senate,MI,,Abdul El-Sayed,DEM,,Mike Rogers,,,14514336,10898177,,0.5711,2552763,4473237,,0.3633,2026-07-15,2026-07-15,0,23000000,59300000,0.2795,Outside is FEC disclosed spending through Oct 2; AdImpact aired 59.0M GOP vs 43.8M Dem by Oct 1; El-Sayed claimed 2.3M in 48 hours after nomination and 4.5M cash entering the general,https://bridgemi.com/michigan-government/trump-pac-helps-drive-michigan-senate-race-toward-record-spending/,2026-10-08
S:MN:,Minnesota Senate,MN,,Peggy Flanagan,DFL,,Michele Tafoya,,,6000000,,,,1600000,1300000,,0.5517,2026-06-30,,,2400000,,,Tafoya cash date not stated; she raised about 2.3M in Q2,https://minnesotareformer.com/2026/07/31/state-of-the-race-for-u-s-senate/,2026-10-08
S:MS:,Mississippi Senate,MS,,Scott Colom,DEM,,Cindy Hyde-Smith,,,2384921,3825455,,0.384,847046,2535896,,0.2504,2026-06-30,2026-06-30,0,2000000,,,Hyde-Smith raised is 2025 to 2026 only; American Bridge planned about 2M for Colom,https://mississippitoday.org/2026/06/09/colom-super-pac-hyde-smith/,2026-10-08
S:MT:,Montana Senate,MT,,Alani Bankhead,DEM,,Kurt Alme,Seth Bodnar,IND,60000,1900000,3220000,0.0306,21484,1400000,977779,0.0151,2026-06-30,2026-06-30,0,,,,"Alme and Bodnar raised are summed from pre primary plus Q2; Bankhead under 60K; about 869K in PAC ads since June backed Alme or Bodnar, not split",https://nbcmontana.com/news/beyond-the-podium/campaigns-report-fundraising-totals-in-montanas-key-us-senate-house-races,2026-10-08
S:NE:,Nebraska Senate,NE,,Dan Osborn,IND,yes,Pete Ricketts,,,5700000,11000000,,0.3413,2400000,6000000,,0.2857,2026-06-30,2026-06-30,0,,,,Ricketts includes 5.2M of his own money; Democratic nominee withdrew,https://www.newsfromthestates.com/node/419552,2026-10-08
S:NH:,New Hampshire Senate,NH,,Chris Pappas,DEM,,John E. Sununu,,,14600000,4100000,,0.7807,3840000,3020000,,0.5598,2026-08-19,2026-08-19,0,10200000,25000000,0.2898,GOP outside is SLF 17M plus One Nation 6M plus AFP about 2M,https://www.newsfromthestates.com/node/427348,2026-10-08
S:NJ:,New Jersey Senate,NJ,,Cory Booker,DEM,,Justin Murphy,,,,39221,,,22200000,122,,1.0,2026-06-30,2026-06-30,0,,,,Booker cycle total through Jun 30 not found,https://newjerseyglobe.com/congress/cory-booker-has-a-brobdingnagian-22-2-million-warchest-for-re-election-campaign/,2026-10-08
S:NM:,New Mexico Senate,NM,,Ben Ray Lujan,DEM,,Larry Marker,,,,,,,4170000,,,,2026-05-13,,,,,,Marker is a write in nominee with no significant filings,https://legis1.com/news/new-mexico-2026-senate-race-the-mexicos,2026-10-08
S:NC:,North Carolina Senate,NC,,Roy Cooper,DEM,,Michael Whatley,,,35000000,11000000,,0.7609,20700000,3400000,,0.8589,2026-06-30,2026-06-30,0,42000000,37700000,0.527,Candidate committees only; Whatley claims 21M and 7.8M cash across committees; GOP outside is SLF 23.2M plus Old North Action 14.5M reserved,https://spectrumlocalnews.com/nc/charlotte/news/2026/07/21/nc-senate-campaign-finance-report,2026-10-08
S:OH:,Ohio Senate special,OH,yes,Sherrod Brown,DEM,,Jon Husted,,,38566234,14360028,,0.7287,16229742,9419311,,0.6328,2026-06-30,2026-06-30,0,60000000,93000000,0.3922,Special; outside is SMP 60M and SLF 93M commitments; AdImpact puts the race near 250M to 298M spent,https://www.newsweek.com/gop-sinks-millions-more-into-key-senate-race-for-jd-vances-old-seat-12519285,2026-10-08
S:OK:,Oklahoma Senate,OK,,N'Kiyla Jasmine Thomas,DEM,,Kevin Hern,,,57159,9953579,,0.0057,456,2491910,,0.0002,2026-08-05,2026-06-30,36,,,,,https://www.fec.gov/data/candidate/S6OK04247/?cycle=2026,2026-10-08
S:OR:,Oregon Senate,OR,,Jeff Merkley,DEM,,David Brock Smith,,,4540974,120760,,0.9741,6828404,28980,,0.9958,2026-06-30,2026-06-30,0,,,,Merkley raised is 2025 to 2026 only,https://www.fec.gov/data/candidate/S8OR00207/?cycle=2026,2026-10-08
S:RI:,Rhode Island Senate,RI,,Jack Reed,DEM,,Raymond McKay,,,3381651,180468,,0.9493,3093684,7569,,0.9976,2026-08-20,2026-08-20,0,,,,Reed raised is 2025 to 2026 only,https://www.fec.gov/data/candidate/S6RI00163/?cycle=2026,2026-10-08
S:SC:,South Carolina Senate,SC,,Annie Andrews,DEM,,Darline Graham,,,10804041,346783,,0.9689,4119295,251431,,0.9425,2026-06-30,2026-08-05,36,,5000000,,Graham entered late July; SLF plans 5M and FEC already showed at least 5M outside support,https://axios.com/2026/10/06/south-carolina-senate-gop-graham-money,2026-10-08
S:SD:,South Dakota Senate,SD,,Brian Bengs,IND,yes,Mike Rounds,,,782050,3176451,,0.1976,51406,2736664,,0.0184,2026-06-30,2026-06-30,0,,,,Rounds raised is 2025 to 2026 only; Democratic candidate dropped out,https://www.fec.gov/data/candidate/S4SD00049/?cycle=2026,2026-10-08
S:TN:,Tennessee Senate,TN,,Marquita Bradshaw,DEM,,Bill Hagerty,,,2257,7162897,,0.0003,1043,5234429,,0.0002,2026-07-17,2026-07-17,0,,,,Hagerty raised is 2025 to 2026 only,https://www.fec.gov/data/candidate/S0TN00169/?cycle=2026,2026-10-08
S:TX:,Texas Senate,TX,,James Talarico,DEM,,Ken Paxton,,,68560930,9240578,,0.8812,21548155,1755294,,0.9247,2026-06-30,2026-06-30,0,13900000,175000000,0.0736,Principal committees; Paxton announced over 18M raised in Q3; GOP super PACs over 175M on ads; Talarico booked about 35M in ads for the last two months,https://www.texastribune.org/2026/10/05/ken-paxton-third-quarter-fundraising-texas-senate-race-2026/,2026-10-08
S:VA:,Virginia Senate,VA,,Mark Warner,DEM,,Bert Mizusawa,,,17889335,418742,,0.9771,16114725,90328,,0.9944,2026-07-15,2026-07-15,0,,,,Warner raised is 2025 to 2026 only,https://www.fec.gov/data/candidate/S6VA00093/?cycle=2026,2026-10-08
S:WV:,West Virginia Senate,WV,,Rachel Fetty Anderson,DEM,,Shelley Moore Capito,,,49913,4624145,,0.0107,22129,4377201,,0.005,2026-06-30,2026-06-30,0,,,,Capito raised is 2025 to 2026 only,https://www.fec.gov/data/candidate/S4WV00159/?cycle=2026,2026-10-08
S:WY:,Wyoming Senate,WY,,James Byrd,DEM,,Harriet Hageman,,,22559,2435023,,0.0092,356,915369,,0.0004,2026-07-29,2026-07-29,0,,,,,https://www.fec.gov/data/candidate/S6WY00209/?cycle=2026,2026-10-08
