cycle,race,office,state,pollster,start,end,n,pop,dem,rep,other,undecided,partisan
2018,MNG,governor,MN,Change Research,2018-10-12,2018-10-13,1413,,47,44,3,2,
2018,MNG,governor,MN,Marist College,2018-09-30,2018-10-04,637,LV,51,36,,6,
2018,MNG,governor,MN,Marist College,2018-09-30,2018-10-04,860,RV,49,37,,7,
2018,MNG,governor,MN,Mason-Dixon,2018-10-15,2018-10-17,800,,45,39,3,12,
2018,MNG,governor,MN,St. Cloud State University,2018-10-15,2018-10-30,404,,50,34,,,
2018,MNG,governor,MN,SurveyUSA,2018-10-29,2018-10-31,600,,49,41,2,9,
2018,MNG,governor,MN,Research Co.,2018-11-01,2018-11-03,450,,48,42,1,9,
2018,MNG,governor,MN,Change Research,2018-11-02,2018-11-04,953,,53,41,2,,
2018,NVG,governor,NV,CNN/SSRS,2018-09-25,2018-09-29,693,LV,45,41,12,1,
2018,NVG,governor,NV,CNN/SSRS,2018-09-25,2018-09-29,851,RV,41,38,18,2,
2018,NVG,governor,NV,Kaiser Family Foundation/SSRS,2018-09-19,2018-10-02,513,,40,46,2,12,
2018,NVG,governor,NV,Marist College,2018-09-30,2018-10-03,574,LV,40,44,10,6,
2018,NVG,governor,NV,Marist College,2018-09-30,2018-10-03,780,RV,40,41,10,8,
2018,NVG,governor,NV,NYT Upshot/Siena College,2018-10-08,2018-10-10,642,,45,46,,8,
2018,NVG,governor,NV,Emerson College,2018-10-10,2018-10-12,625,,41,46,3,11,
2018,NVG,governor,NV,Ipsos,2018-10-12,2018-10-19,1137,,41,46,4,9,
2018,NVG,governor,NV,Vox Populi Polling,2018-10-13,2018-10-15,614,,52,48,,,
2018,NVG,governor,NV,Gravis Marketing,2018-10-24,2018-10-26,773,,46,44,,10,
2018,NVG,governor,NV,HarrisX,2018-10-24,2018-10-30,1400,,45,43,,,
2018,NVG,governor,NV,CNN/SSRS,2018-10-24,2018-10-29,622,LV,46,45,7,2,
2018,NVG,governor,NV,CNN/SSRS,2018-10-24,2018-10-29,807,RV,44,40,12,3,
2018,NVG,governor,NV,HarrisX,2018-10-29,2018-10-31,600,,45,45,,,
2018,NVG,governor,NV,The Trafalgar Group,2018-10-29,2018-11-01,2587,,45,47,4,4,R
2018,NVG,governor,NV,HarrisX,2018-10-30,2018-11-01,600,,43,46,,,
2018,NVG,governor,NV,HarrisX,2018-10-31,2018-11-02,600,,43,47,,,
2018,NVG,governor,NV,HarrisX,2018-11-01,2018-11-03,600,,44,45,,,
2018,NVG,governor,NV,Emerson College,2018-11-01,2018-11-04,1197,,48,47,4,2,
2018,NVG,governor,NV,HarrisX,2018-11-02,2018-11-04,600,,44,45,,,
2018,NVG,governor,NV,HarrisX,2018-11-03,2018-11-05,600,,45,44,,,
2018,NHG,governor,NH,American Research Group,2018-09-21,2018-09-26,800,,44,49,0,7,
2018,NHG,governor,NH,University of New Hampshire,2018-10-10,2018-10-18,499,,39,50,4,7,
2018,NHG,governor,NH,Saint Anselm College,2018-10-10,2018-10-15,454,,39,49,1,12,
2018,NHG,governor,NH,Emerson College,2018-10-10,2018-10-12,625,,35,51,1,14,
2018,NHG,governor,NH,Emerson College,2018-10-27,2018-10-29,1139,,43,51,1,5,
2018,NHG,governor,NH,Change Research,2018-10-27,2018-10-29,901,,46,47,,,D
2018,NHG,governor,NH,University of New Hampshire,2018-11-01,2018-11-04,630,,46,46,2,6,
2018,NMG,governor,NM,Research Co.,2018-11-01,2018-11-03,450,,53,41,,6,
2018,NMG,governor,NM,Research & Polling Inc.,2018-10-26,2018-11-01,993,LV,53,43,,4,
2018,NMG,governor,NM,Carroll Strategies,2018-10-29,2018-10-29,1200,LV,51,45,,4,
2018,NMG,governor,NM,Emerson College,2018-10-24,2018-10-26,936,LV,53,44,,4,
2018,NMG,governor,NM,GQR Research,2018-10-22,2018-10-26,600,LV,53,44,,4,D
2018,NMG,governor,NM,Pacific Market Research,2018-10-19,2018-10-24,400,LV,48,39,,13,
2018,NMG,governor,NM,NSON Opinion Strategy,2018-09-20,2018-09-24,932,LV,44,40,,16,
2018,NYG,governor,NY,Siena College,2018-09-20,2018-09-27,701,,56,38,0,4,
2018,NYG,governor,NY,Quinnipiac University,2018-10-10,2018-10-16,852,,58,35,2,5,
2018,NYG,governor,NY,Siena College,2018-10-28,2018-11-01,641,,49,36,7,7,
2018,NYG,governor,NY,Research Co.,2018-11-01,2018-11-03,450,,54,37,3,6,
2018,OHG,governor,OH,Change Research,2018-11-02,2018-11-04,923,,48,43,,,
2018,OHG,governor,OH,The Trafalgar Group,2018-11-02,2018-11-04,1948,,46,42,7,5,R
2018,OHG,governor,OH,Research Co.,2018-11-01,2018-11-03,450,,44,44,2,10,
2018,OHG,governor,OH,Cygnal,2018-10-30,2018-10-31,503,,43,43,3,9,R
2018,OHG,governor,OH,Gravis Marketing,2018-10-29,2018-10-30,789,,48,43,,9,
2018,OHG,governor,OH,Emerson College,2018-10-26,2018-10-28,566,,49,46,2,3,
2018,OHG,governor,OH,Baldwin Wallace University,2018-10-19,2018-10-27,1051,,39,39,,16,
2018,OHG,governor,OH,Suffolk University,2018-10-04,2018-10-08,500,,46,40,2,10,
2018,OHG,governor,OH,Baldwin Wallace University,2018-09-08,2018-10-08,1017,,37,40,,15,
2018,OHG,governor,OH,University of Akron,2018-09-10,2018-10-04,1000,,36,37,,27,
2018,OKG,governor,OK,SoonerPoll,2018-10-31,2018-11-03,338,,44,47,3,6,
2018,OKG,governor,OK,SoonerPoll,2018-10-23,2018-10-25,447,,42,46,4,8,
2018,OKG,governor,OK,Magellan Strategies,2018-10-22,2018-10-23,500,,44,51,1,4,R
2018,OKG,governor,OK,Cole Hargrave Snodgrass,2018-09-25,2018-09-29,500,,40,46,4,,R
2018,OKG,governor,OK,Right Strategy Group,2018-09-25,2018-09-26,1058,,43,47,2,8,R
2018,ORG,governor,OR,Hoffman Research Group,2018-10-29,2018-10-30,694,,45,42,6,7,
2018,ORG,governor,OR,Emerson College,2018-10-26,2018-10-28,747,,47,42,7,4,
2018,ORG,governor,OR,DHM Research,2018-10-04,2018-10-11,500,,40,35,7,17,
2018,ORG,governor,OR,Riley Research Associates,2018-09-24,2018-10-07,356,,49,45,7,,
2018,ORG,governor,OR,Clout Research,2018-09-20,2018-09-23,679,,42,41,,,R
2018,PAG,governor,PA,Change Research,2018-11-02,2018-11-04,1833,,53,42,3,,
2018,PAG,governor,PA,Research Co.,2018-11-01,2018-11-03,450,,54,39,1,6,
2018,PAG,governor,PA,Muhlenberg College,2018-10-28,2018-11-01,421,,58,37,,,
2018,PAG,governor,PA,Franklin & Marshall College,2018-10-22,2018-10-28,214,LV,59,33,,5,
2018,PAG,governor,PA,Franklin & Marshall College,2018-10-22,2018-10-28,537,RV,57,27,6,10,
2018,PAG,governor,PA,Morning Consult,2018-10-01,2018-10-02,1188,,48,36,,16,
2018,RIG,governor,RI,Fleming & Associates,2018-10-20,2018-10-24,416,,45,34,13,8,
2018,RIG,governor,RI,University of New Hampshire,2018-09-27,2018-10-06,503,,48,34,8,11,
2018,SCG,governor,SC,The Trafalgar Group,2018-10-29,2018-10-31,3792,,38,54,,8,R
2018,SCG,governor,SC,The Trafalgar Group,2018-10-12,2018-10-14,4830,,32,56,,12,R
2018,SCG,governor,SC,The Trafalgar Group,2018-09-24,2018-10-02,2692,,37,51,,13,R
2018,SDG,governor,SD,Change Research,2018-11-02,2018-11-04,851,,51,45,2,,
2018,SDG,governor,SD,Emerson College,2018-11-01,2018-11-04,514,,47,48,1,5,
2018,SDG,governor,SD,Mason-Dixon,2018-10-29,2018-10-31,500,,44,47,1,8,
2018,SDG,governor,SD,Mason-Dixon,2018-10-18,2018-10-22,500,,45,45,1,9,
2018,SDG,governor,SD,ALG Research,2018-09-20,2018-09-24,500,,45,42,3,10,D
2018,TNG,governor,TN,Targoz Market Research,2018-10-28,2018-10-31,480,,44,53,,2,
2018,TNG,governor,TN,Emerson College,2018-10-28,2018-10-30,621,,41,54,2,3,
2018,TNG,governor,TN,Fox News,2018-10-27,2018-10-30,718,LV,37,54,2,7,
2018,TNG,governor,TN,Fox News,2018-10-27,2018-10-30,850,RV,36,52,2,9,
2018,TNG,governor,TN,Vox Populi Polling,2018-10-27,2018-10-29,780,,44,56,,,
2018,TNG,governor,TN,CNN/SSRS,2018-10-24,2018-10-29,764,LV,42,52,0,4,
2018,TNG,governor,TN,CNN/SSRS,2018-10-24,2018-10-29,871,RV,41,52,0,5,
2018,TNG,governor,TN,East Tennessee State University,2018-10-22,2018-10-29,495,,36,48,5,9,
2018,TNG,governor,TN,Cygnal,2018-10-26,2018-10-27,497,,36,59,3,2,R
2018,TNG,governor,TN,Marist College,2018-10-23,2018-10-27,471,LV,40,57,1,3,
2018,TNG,governor,TN,Marist College,2018-10-23,2018-10-27,764,RV,39,56,1,4,
2018,TNG,governor,TN,Vanderbilt University/SSRS,2018-10-08,2018-10-13,800,,37,48,0,12,
2018,TNG,governor,TN,Targoz Market Research,2018-10-09,2018-10-12,558,LV,44,56,,,
2018,TNG,governor,TN,Targoz Market Research,2018-10-09,2018-10-12,801,RV,39,49,,12,
2018,TNG,governor,TN,NYT Upshot/Siena College,2018-10-08,2018-10-11,593,,33,59,,8,
2018,TNG,governor,TN,Fox News,2018-09-29,2018-10-02,666,LV,36,53,1,10,
2018,TNG,governor,TN,Fox News,2018-09-29,2018-10-02,806,RV,35,52,1,10,
2018,TNG,governor,TN,SurveyMonkey,2018-09-09,2018-09-24,1609,,35,46,,19,
2018,TXG,governor,TX,Emerson College,2018-10-28,2018-10-30,781,,43,51,2,4,
2018,TXG,governor,TX,Quinnipiac University,2018-10-22,2018-10-28,1078,,40,54,1,6,
2018,TXG,governor,TX,University of Texas Tyler,2018-10-15,2018-10-28,1033,,32,53,5,10,
2018,TXG,governor,TX,Dixie Strategies,2018-10-25,2018-10-26,588,,33,59,,7,
2018,TXG,governor,TX,University of Texas/YouGov,2018-10-15,2018-10-21,927,,37,56,7,,
2018,TXG,governor,TX,Ipsos,2018-10-12,2018-10-18,1298,,38,53,3,6,
2018,TXG,governor,TX,CNN/SSRS,2018-10-09,2018-10-13,716,LV,39,57,0,3,
2018,TXG,governor,TX,CNN/SSRS,2018-10-09,2018-10-13,862,RV,38,56,0,4,
2018,TXG,governor,TX,NYT Upshot/Siena College,2018-10-08,2018-10-11,800,,35,57,,8,
2018,TXG,governor,TX,Quinnipiac University,2018-10-03,2018-10-09,730,,38,58,0,4,
2018,TXG,governor,TX,Emerson College,2018-10-01,2018-10-05,500,,33,53,3,11,
2018,TXG,governor,TX,Epstein Group,2018-09-15,2018-09-24,1200,,29,58,3,10,
2018,VTG,governor,VT,Gravis Marketing,2018-10-30,2018-11-01,885,,39,49,,12,
2018,VTG,governor,VT,Braun Research,2018-10-05,2018-10-14,495,,28,42,7,22,
2018,VTG,governor,VT,Tulchin Research,2018-09-23,2018-09-26,406,,42,50,,,D
2018,WIG,governor,WI,Ipsos,2018-09-14,2018-09-24,1109,,50,43,3,4,
2018,WIG,governor,WI,Marist College,2018-09-30,2018-10-03,571,LV,50,42,5,3,
2018,WIG,governor,WI,Marist College,2018-09-30,2018-10-03,781,RV,49,42,6,4,
2018,WIG,governor,WI,Marquette University,2018-10-03,2018-10-07,799,LV,46,47,5,1,
2018,WIG,governor,WI,Marquette University,2018-10-03,2018-10-07,1000,RV,43,47,7,2,
2018,WIG,governor,WI,Ipsos,2018-10-12,2018-10-18,1193,,48,45,2,5,
2018,WIG,governor,WI,Marquette University,2018-10-24,2018-10-28,1154,LV,47,47,3,0,
2018,WIG,governor,WI,Marquette University,2018-10-24,2018-10-28,1400,RV,44,47,5,2,
2018,WIG,governor,WI,Emerson College,2018-10-29,2018-10-31,604,,51,46,2,1,
2018,WIG,governor,WI,Research Co.,2018-11-01,2018-11-03,450,,45,44,3,9,
2018,WYG,governor,WY,Change Research,2018-11-02,2018-11-04,858,,27,61,10,,
