cycle,race,office,state,dem_candidate,rep_candidate,dem_pct,rep_pct,incumbent_party,incumbent_ran,notes
2022,ALG,governor,AL,Yolanda Flowers,Kay Ivey,29.18,66.91,R,yes,Libertarian James D. Blake 3.25
2022,AKG,governor,AK,Les Gara,Mike Dunleavy,24.21,50.29,R,yes,Ranked choice; Dunleavy won outright in round one; Bill Walker (I) 20.73; Charlie Pierce (R) 4.48
2022,AZG,governor,AZ,Katie Hobbs,Kari Lake,50.32,49.65,R,no,Incumbent Doug Ducey term limited
2022,ARG,governor,AR,Chris Jones,Sarah Huckabee Sanders,35.20,62.96,R,no,Incumbent Asa Hutchinson term limited
2022,CAG,governor,CA,Gavin Newsom,Brian Dahle,59.18,40.82,D,yes,
2022,COG,governor,CO,Jared Polis,Heidi Ganahl,58.53,39.18,D,yes,
2022,CTG,governor,CT,Ned Lamont,Bob Stefanowski,55.97,43.05,D,yes,
2022,FLG,governor,FL,Charlie Crist,Ron DeSantis,39.97,59.37,R,yes,
2022,GAG,governor,GA,Stacey Abrams,Brian Kemp,45.88,53.41,R,yes,
2022,HIG,governor,HI,Josh Green,Duke Aiona,63.16,36.84,D,no,Incumbent David Ige term limited
2022,IDG,governor,ID,Stephen Heidt,Brad Little,20.28,60.51,R,yes,Independent Ammon Bundy 17.18 was a main third candidate; dem is the Democratic nominee Heidt
2022,ILG,governor,IL,JB Pritzker,Darren Bailey,54.91,42.37,D,yes,
2022,IAG,governor,IA,Deidre DeJear,Kim Reynolds,39.53,58.04,R,yes,
2022,KSG,governor,KS,Laura Kelly,Derek Schmidt,49.54,47.33,D,yes,Independent Dennis Pyle ran as third candidate
2022,MEG,governor,ME,Janet Mills,Paul LePage,55.69,42.45,D,yes,Independent Sam Hunkler 1.86
2022,MDG,governor,MD,Wes Moore,Dan Cox,64.53,32.12,R,no,Incumbent Larry Hogan term limited
2022,MAG,governor,MA,Maura Healey,Geoff Diehl,63.74,34.57,R,no,Incumbent Charlie Baker did not seek reelection
2022,MIG,governor,MI,Gretchen Whitmer,Tudor Dixon,54.47,43.94,D,yes,
