race,source,dates,gap
IA,Abacus Data,August 26-28 2026,0.05971923470162231
ME,Abacus Data,August 26-28 2026,0.2120225096066401
FLG,Change Research (D),"May 13-16, 2026",0.13859982719498137
NC,Elon University/YouGov,August 21-31 2026,-0.0540672212702758
NC,Elon University/YouGov,July 23-31 2026,-0.14385527596615855
NC,High Point University/YouGov,August 3-12 2026,-0.05226842854575671
NC,High Point University/YouGov,March 26-April 6 2026,-0.05390526483620242
WIG,Marquette University,August 12-20 2026,0.10763066419236536
MIG,Michigan State University/YouGov,August 10-20 2026,-0.038215049093115294
AZG,Noble Predictive Insights,August 10-13 2026,-0.04705254427089123
FLG,Targoz Market Research,"July 20-26, 2026",-0.06371581438610771
PAG,The New York Times/The Philadelphia Inquirer/Siena,August 17-21 2026,-0.034294594817225355
WIG,TIPP Insights (R),August 14-18 2026,0.04131943702724145
MN,TIPP Insights (R),August 31-September 2 2026,-0.004773278752657574
MIG,TIPP Insights (R),August 6-10 2026,0.014533514616167809
MNG,TIPP Insights,August 31-September 2 2026,-0.01608613775162429
ME,YouGov,September 2-8 2026,0.0425596144187959
IA,YouGov,September 3-8 2026,0.06595796779179733
IAG,YouGov,September 3-8 2026,-0.030207793278481748
