race,office,year,D2,third,p2016,p2020,p2024,x,env,y,inc
FLG,governor,2022,0.4023449450697763,0.0065465698706976,0.4934129042618955,0.4830524533785844,0.433889305665077,-0.19733389569613957,-0.05588739125905919,-0.39570396330082575,-1
FLG,governor,2018,0.4980032911308543,0.0130799570940947,0.4934129042618955,0.4830524533785844,0.433889305665077,-0.11478041811512432,0.1783342298512895,-0.007986877933369838,0
FLG,governor,2014,0.4943400215404777,0.0412078815136775,0.4934129042618955,0.4830524533785844,0.433889305665077,-0.0708888259262681,-0.12120970851161976,-0.02264088094938443,-1
TXG,governor,2022,0.4447985821589418,0.0141732192163387,0.4524075707715834,0.4716927876322047,0.4306096609919077,-0.2267828412706036,-0.05588739125905919,-0.22170940759865262,-1
TXG,governor,2018,0.432365807282406,0.0168553917129894,0.4524075707715834,0.4716927876322047,0.4306096609919077,-0.21984630438699052,0.1783342298512895,-0.27220517829294094,-1
TXG,governor,2014,0.3962736038157716,0.0182535201476474,0.4524075707715834,0.4716927876322047,0.4306096609919077,-0.2354867076427356,-0.12120970851161976,-0.42101621744878875,0
IAG,governor,2022,0.4051090971926304,0.0243202189441705,0.4489095427853651,0.4581673691536295,0.4327720114520188,-0.24956215205790266,-0.05588739125905919,-0.38422162549180966,-1
IAG,governor,2018,0.4860239967156065,0.0217676976980748,0.4489095427853651,0.4581673691536295,0.4327720114520188,-0.2540974635181277,0.1783342298512895,-0.05591857950861726,-1
IAG,governor,2014,0.3871711564490647,0.0374063137159731,0.4489095427853651,0.4581673691536295,0.4327720114520188,-0.2496164796154587,-0.12120970851161976,-0.4592188257906599,-1
OHG,governor,2022,0.374581092718145,0.0021679000366879,0.455297274407372,0.4592330235229728,0.4434338528636296,-0.22575976210690876,-0.05588739125905919,-0.5126133613892984,-1
OHG,governor,2018,0.4807496555284633,0.0292170240664895,0.455297274407372,0.4592330235229728,0.4434338528636296,-0.2390575483402817,0.1783342298512895,-0.0770394582189193,0
OHG,governor,2014,0.3416683394223898,0.0332817066454444,0.455297274407372,0.4592330235229728,0.4434338528636296,-0.22382855074177832,-0.12120970851161976,-0.655868349006292,-1
GAG,governor,2022,0.4620534514406107,0.0071237271741241,0.4703881771350843,0.5011932966290864,0.4889563384860186,-0.050130037812042894,-0.05588739125905919,-0.15207862295754293,-1
GAG,governor,2018,0.4929879938791823,0.0094521197524044,0.4703881771350843,0.5011932966290864,0.4889563384860186,-0.12460381691295286,0.1783342298512895,-0.02804986346256778,0
GAG,governor,2014,0.4597509026996049,0.0235999617287319,0.4703881771350843,0.5011932966290864,0.4889563384860186,-0.16312498436643508,-0.12120970851161976,-0.16134549755318078,-1
WIG,governor,2022,0.5171732750125699,0.0109847957266919,0.4958931836293332,0.5031795226889677,0.4956330560882747,-0.032800698571136364,-0.05588739125905919,0.06872013127052573,1
WIG,governor,2018,0.5055789770660082,0.020170141263184,0.4958931836293332,0.5031795226889677,0.4956330560882747,-0.06955206812054397,0.1783342298512895,0.02231683444296898,-1
WIG,governor,2014,0.4712935639311195,0.011490204180866,0.4958931836293332,0.5031795226889677,0.4956330560882747,-0.06096655339194272,-0.12120970851161976,-0.11495215870798875,-1
MIG,governor,2022,0.5535020518589706,0.0158745953582855,0.4987233943374645,0.5141355934440947,0.4927876317108303,-0.016572734413599934,-0.05588739125905919,0.2148306543269288,1
MIG,governor,2018,0.5492833141892326,0.0293743096538476,0.4987233943374645,0.5141355934440947,0.4927876317108303,-0.04197187611993423,0.1783342298512895,0.19777541238741525,0
MIG,governor,2014,0.479208840171381,0.022200003738281,0.4987233943374645,0.5141355934440947,0.4927876317108303,-0.049645352225525574,-0.12120970851161976,-0.08321262213381932,-1
NYG,governor,2022,0.53202688501494,0.0084716223664134,0.6107905084042259,0.6173605254198259,0.5634474305856947,0.3363368718799624,-0.05588739125905919,0.1282831761527179,1
NYG,governor,2018,0.6223350708229678,0.0424440182084513,0.6107905084042259,0.6173605254198259,0.5634474305856947,0.3968007398125162,0.1783342298512895,0.4994712750062868,1
NYG,governor,2014,0.5738104236256352,0.0556491788873044,0.6107905084042259,0.6173605254198259,0.5634474305856947,0.406097377666128,-0.12120970851161976,0.2974148070955327,1
PAG,governor,2022,0.5752172603588779,0.0179950200608319,0.4940743143986275,0.5059708817513885,0.4913680765393642,-0.03574895088622547,-0.05588739125905919,0.3031699761623404,0
PAG,governor,2018,0.5866947730478607,0.015365616935874,0.4940743143986275,0.5059708817513885,0.4913680765393642,-0.06760697666379428,0.1783342298512895,0.35031833851124056,1
PAG,governor,2014,0.5493216845268096,0.0,0.4940743143986275,0.5059708817513885,0.4913680765393642,-0.06824277070118333,-0.12120970851161976,0.1979304006805721,-1
AZG,governor,2022,0.5033449083799559,0.0031176619327711,0.4783120909122491,0.5015683167912931,0.4720584103913331,-0.08323053743063737,-0.05588739125905919,0.013379833120987615,0
AZG,governor,2018,0.4276360267744249,0.0227644388070954,0.4783120909122491,0.5015683167912931,0.4720584103913331,-0.10796379012771076,0.1783342298512895,-0.2915026767941057,-1
AZG,governor,2014,0.4377991917501814,0.0494106541619313,0.4783120909122491,0.5015683167912931,0.4720584103913331,-0.13134502295557007,-0.12120970851161976,-0.25009875720187275,0
NVG,governor,2022,0.4921988235161932,0.038957303635498,0.5125987539463449,0.512231173400438,0.4842049104574149,-0.03755918547077641,-0.05588739125905919,-0.03120723839453787,1
NVG,governor,2018,0.5215613580825076,0.0529656852908883,0.5125987539463449,0.512231173400438,0.4842049104574149,-0.018027311051461024,0.1783342298512895,0.08629895182400982,0
NVG,governor,2014,0.2528769891191168,0.055306389241866,0.5125987539463449,0.512231173400438,0.4842049104574149,0.005866766878096799,-0.12120970851161976,-1.0833266833020798,-1
CAG,governor,2022,0.591812682656245,0.0,0.6527783035968954,0.649096897735854,0.6040014257179834,0.48819319659906923,-0.05588739125905919,0.3714639902008338,1
CAG,governor,2018,0.6194852712581237,0.0,0.6527783035968954,0.649096897735854,0.6040014257179834,0.5554756092312431,0.1783342298512895,0.4873640401108917,0
CAG,governor,2014,0.5997020053484888,0.0,0.6527783035968954,0.649096897735854,0.6040014257179834,0.5867351782326021,-0.12120970851161976,0.40422361771634613,1
ORG,governor,2022,0.5188660509533598,0.0955487254438378,0.557277670220143,0.5830715698544173,0.5742616562386635,0.28690206121491696,-0.05588739125905919,0.07550004752238111,0
ORG,governor,2018,0.5341557463163467,0.0278246102654096,0.557277670220143,0.5830715698544173,0.5742616562386635,0.2150607237193279,0.1783342298512895,0.13683609750532771,1
ORG,governor,2014,0.5306447083889383,0.0598380504546113,0.557277670220143,0.5830715698544173,0.5742616562386635,0.18558192905495347,-0.12120970851161976,0.1227326651574803,1
KSG,governor,2022,0.5113858651170404,0.0312765733926132,0.3873638047174207,0.4242725945097431,0.4179426305272484,-0.3486672069429958,-0.05588739125905919,0.04555133513127629,1
KSG,governor,2018,0.5278670278123141,0.0902972459738164,0.3873638047174207,0.4242725945097431,0.4179426305272484,-0.4495299298167594,0.1783342298512895,0.11158374407802543,0
KSG,governor,2014,0.4807646207101556,0.0404898436116305,0.3873638047174207,0.4242725945097431,0.4179426305272484,-0.5029458805091725,-0.12120970851161976,-0.07697950869785683,-1
NEG,governor,2022,0.3779335977761814,0.0396748625889516,0.3604926830745172,0.4021594775339827,0.395796583480511,-0.44016863758953884,-0.05588739125905919,-0.4983283300985029,0
NEG,governor,2018,0.4099954010209446,0.0,0.3604926830745172,0.4021594775339827,0.395796583480511,-0.5525482397503546,0.1783342298512895,-0.3639843891357843,-1
NEG,governor,2014,0.406996174057343,0.0352094015272663,0.3604926830745172,0.4021594775339827,0.395796583480511,-0.6177653211518166,-0.12120970851161976,-0.3763970657716015,0
OKG,governor,2022,0.4297388593421724,0.0276566743317344,0.3069249452739665,0.3305996050309349,0.3252995809382919,-0.7479240255678501,-0.05588739125905919,-0.28291667707026685,-1
OKG,governor,2018,0.4373201740296381,0.0344180009018994,0.3069249452739665,0.3305996050309349,0.3252995809382919,-0.8277021046436897,0.1783342298512895,-0.252045183090435,0
OKG,governor,2014,0.4235733597817008,0.031878045320799,0.3069249452739665,0.3305996050309349,0.3252995809382919,-0.8590739761200519,-0.12120970851161976,-0.30812135962446285,-1
ALG,governor,2022,0.3036716859341139,0.0391370489153052,0.354607806681353,0.370893166452478,0.3455938807030605,-0.6138511370640912,-0.05588739125905919,-0.8298741273962981,-1
ALG,governor,2018,0.4046034278811651,0.001472799489119,0.354607806681353,0.370893166452478,0.3455938807030605,-0.6313137835837006,0.1783342298512895,-0.38632029432118126,-1
ALG,governor,2014,0.362990206277052,0.0013958178042242,0.354607806681353,0.370893166452478,0.3455938807030605,-0.6433846932877394,-0.12120970851161976,-0.5624091762674122,-1
SDG,governor,2022,0.3620051560483622,0.0285093355722714,0.3356853719939953,0.365652201383185,0.3505490046307347,-0.6141965414593131,-0.05588739125905919,-0.5666717467797716,-1
SDG,governor,2018,0.4827256744250128,0.0142833945942754,0.3356853719939953,0.365652201383185,0.3505490046307347,-0.684445539923654,0.1783342298512895,-0.06912481373283713,0
SDG,governor,2014,0.2652158221994992,0.0410154912161163,0.3356853719939953,0.365652201383185,0.3505490046307347,-0.7271204646901741,-0.12120970851161976,-1.019032902530091,-1
VTG,governor,2022,0.2523899159415251,0.0504905437767305,0.652116150377701,0.6829918655280656,0.663852178858401,0.6936062855655127,-0.05588739125905919,-1.0859063868843426,-1
VTG,governor,2018,0.4217763268551507,0.0455626742166635,0.652116150377701,0.6829918655280656,0.663852178858401,0.6302573919635812,0.1783342298512895,-0.3154856292041343,-1
VTG,governor,2014,0.506891904136275,0.0831853628651236,0.652116150377701,0.6829918655280656,0.663852178858401,0.5838151137233372,-0.12120970851161976,0.02756936263227942,1
COG,governor,2022,0.5990081259756698,0.0228429188107603,0.5159073807999782,0.5693831949230015,0.5564654173106646,0.2226564300386565,-0.05588739125905919,0.4013340011032863,1
COG,governor,2018,0.5551689948795916,0.0377705577130383,0.5159073807999782,0.5693831949230015,0.5564654173106646,0.10379564517497641,0.1783342298512895,0.22157811641234598,0
COG,governor,2014,0.5175452580133578,0.0475003734806683,0.5159073807999782,0.5693831949230015,0.5564654173106646,0.019112085924745073,-0.12120970851161976,0.07020985902560103,1
NHG,governor,2024,0.4522945077743632,0.0211752471121589,0.5019674208926849,0.5374834772159505,0.5140761159304928,0.08632375099171219,-0.05270916722961248,-0.19140418601079207,0
NHG,governor,2022,0.4212185787240046,0.0154344367545042,0.5019674208926849,0.5374834772159505,0.5140761159304928,0.07284182208329443,-0.05588739125905919,-0.3177730072299018,-1
NHG,governor,2020,0.3387387871712952,0.0151425762045231,0.5019674208926849,0.5374834772159505,0.5140761159304928,0.05935989317487668,0.06347324724428435,-0.6689196690028447,-1
TNG,governor,2022,0.3365146915065609,0.0216531925728296,0.3636425398572119,0.3817222962793364,0.3493945017250333,-0.5823987937558066,-0.05588739125905919,-0.678864903206939,-1
TNG,governor,2018,0.3929464703955394,0.0188673441822605,0.3636425398572119,0.3817222962793364,0.3493945017250333,-0.5886141028038374,0.1783342298512895,-0.43494357938128597,0
TNG,governor,2014,0.2452251447820953,0.0684738736289712,0.3636425398572119,0.3817222962793364,0.3493945017250333,-0.6041280164145979,-0.12120970851161976,-1.1242427529123475,-1
MNG,governor,2022,0.5395528493724021,0.0312152855363587,0.5081397860696536,0.5363951364856667,0.5217170217609448,0.08595490885424784,-0.05588739125905919,0.15854265589809904,1
MNG,governor,2018,0.5592963869855521,0.0372923452249402,0.5081397860696536,0.5363951364856667,0.5217170217609448,0.021502869893816046,0.1783342298512895,0.2383069717523328,0
MNG,governor,2014,0.5293988878005963,0.0541843043910973,0.5081397860696536,0.5363951364856667,0.5217170217609448,-0.011976897419887202,-0.12120970851161976,0.11773134926789411,1
SCG,governor,2022,0.4121003199455654,0.0129335990999661,0.4262091837758645,0.440733912504179,0.4093831738648092,-0.3327756856249229,-0.05588739125905919,-0.3552895064674607,-1
SCG,governor,2018,0.4597894840529948,0.0011976089985236,0.4262091837758645,0.440733912504179,0.4093831738648092,-0.33545672004566274,0.1783342298512895,-0.16119016656566054,-1
SCG,governor,2014,0.425594754664989,0.0268715181966475,0.4262091837758645,0.440733912504179,0.4093831738648092,-0.3418735492369991,-0.12120970851161976,-0.2998475361568242,-1
IDG,governor,2022,0.2509827512020687,0.1921386916493425,0.3177829230862021,0.3412289764236351,0.3123907940987346,-0.753819714405237,-0.05588739125905919,-1.0933777958948139,-1
IDG,governor,2018,0.3898508963427596,0.020473252898959,0.3177829230862021,0.3412289764236351,0.3123907940987346,-0.7785982120383061,0.1783342298512895,-0.44793901057161073,0
IDG,governor,2014,0.4186971091043335,0.0792657972279821,0.3177829230862021,0.3412289764236351,0.3123907940987346,-0.8085183023961655,-0.12120970851161976,-0.3281241793056761,-1
WYG,governor,2022,0.1759699969033501,0.1011237113402061,0.2430483455475093,0.275195656244149,0.2652082697589258,-1.024171261619773,-0.05588739125905919,-1.54389343240558,-1
WYG,governor,2018,0.2909131548989744,0.0534398094844468,0.2430483455475093,0.275195656244149,0.2652082697589258,-1.1199265998233074,0.1783342298512895,-0.8909532227380116,0
WYG,governor,2014,0.3145505046338311,0.1335799424578709,0.2430483455475093,0.275195656244149,0.2652082697589258,-1.1805779287949756,-0.12120970851161976,-0.7789301703547776,-1
AKG,governor,2022,0.4506975571524563,0.0029116281609308,0.4161436015964785,0.4473815127615069,0.4326505764731463,-0.2715762707144012,-0.05588739125905919,-0.19785267797663608,-1
AKG,governor,2018,0.4633490499116518,0.0415486274486257,0.4161436015964785,0.4473815127615069,0.4326505764731463,-0.34263778318014587,0.1783342298512895,-0.1468672257779426,0
AKG,governor,2014,0.5118260597880521,0.0602405722297134,0.4161436015964785,0.4473815127615069,0.4326505764731463,-0.38316358108600757,-0.12120970851161976,0.04731306313688269,-1
MEG,governor,2022,0.5666081437881462,0.0186108942325783,0.5145241992660694,0.5446460653970535,0.5354430581997446,0.13011007019384174,-0.05588739125905919,0.2680256619156252,1
MEG,governor,2018,0.5410021753882781,0.0592925937336532,0.5145241992660694,0.5446460653970535,0.5354430581997446,0.05088977514993148,0.1783342298512895,0.16437782924751793,0
MEG,governor,2014,0.4734602659967542,0.084403808000996,0.5145241992660694,0.5446460653970535,0.5354430581997446,0.01357422773874449,-0.12120970851161976,-0.10625880334327943,-1
CTG,governor,2022,0.5648867306181821,0.0098469013495713,0.5696098017772935,0.6017246380927086,0.5737823002110678,0.32455233377472037,-0.05588739125905919,0.261018847689564,1
CTG,governor,2018,0.5165014304933436,0.0441670090576027,0.5696098017772935,0.6017246380927086,0.5737823002110678,0.27876043418949276,0.1783342298512895,0.06602970187828243,0
CTG,governor,2014,0.5129644487506582,0.0104902180731,0.5696098017772935,0.6017246380927086,0.5737823002110678,0.2357204147047377,-0.12120970851161976,0.051869421158210555,1
RIG,governor,2022,0.5984568141966161,0.0321609304666312,0.5820838855593574,0.605101897649823,0.5708120313394534,0.32554132618743936,-0.05588739125905919,0.3990392769071437,1
RIG,governor,2018,0.5860661314464553,0.1018780502708547,0.5820838855593574,0.605101897649823,0.5708120313394534,0.3113540923454496,0.1783342298512895,0.3477264122348722,1
RIG,governor,2014,0.5290201221688786,0.2306028297665519,0.5820838855593574,0.605101897649823,0.5708120313394534,0.2867949229006238,-0.12120970851161976,0.11621109838441386,0
MAG,governor,2022,0.6483501149464798,0.0169161105738363,0.6446433979244953,0.6711554954014815,0.6295552233919002,0.5914367957930667,-0.05588739125905919,0.6117948154092072,0
MAG,governor,2018,0.3321084124357779,0.0028056374468848,0.6446433979244953,0.6711554954014815,0.6295552233919002,0.586798284535944,0.1783342298512895,-0.6986644072059748,-1
MAG,governor,2014,0.4901987866163717,0.0506619481950363,0.6446433979244953,0.6711554954014815,0.6295552233919002,0.5510365758131389,-0.12120970851161976,-0.03920987624799744,0
MDG,governor,2022,0.6676890560305148,0.0335518792672934,0.6316212240106561,0.6702904704709234,0.6475475702718092,0.6284621300491119,-0.05588739125905919,0.6977514713585156,0
MDG,governor,2018,0.4400853625295892,0.0113815853421461,0.6316212240106561,0.6702904704709234,0.6475475702718092,0.5566412668081169,0.1783342298512895,-0.2408156251768473,-1
MDG,governor,2014,0.4807808601203581,0.0172444532659564,0.6316212240106561,0.6702904704709234,0.6475475702718092,0.4946392755004891,-0.12120970851161976,-0.07691445485867358,0
NMG,governor,2022,0.5327162386003693,0.0244111667714978,0.5465468655567981,0.5551849015171975,0.5307090611432366,0.14189106832533083,-0.05588739125905919,0.13105219777097954,1
NMG,governor,2018,0.571990598154378,0.0,0.5465468655567981,0.5551849015171975,0.5307090611432366,0.13648795064940988,0.1783342298512895,0.2899773921821162,0
NMG,governor,2014,0.4277688400074102,0.0,0.5465468655567981,0.5551849015171975,0.5307090611432366,0.14218921897894005,-0.12120970851161976,-0.290960079365939,-1
ARG,governor,2022,0.3585590786513573,0.0184005724132532,0.3584300319978649,0.3578756672201685,0.3433000676385162,-0.6470350270589268,-0.05588739125905919,-0.581623644799365,0
ARG,governor,2018,0.3271836270713381,0.0290350405884853,0.3584300319978649,0.3578756672201685,0.3433000676385162,-0.6510879303324706,0.1783342298512895,-0.7209508799054208,-1
ARG,governor,2014,0.4280804431130736,0.0306955521616984,0.3584300319978649,0.3578756672201685,0.3433000676385162,-0.6267236937322286,-0.12120970851161976,-0.28968721755677646,0
ILG,governor,2022,0.5644469366814573,0.0278832927152898,0.5843184330560983,0.5865904373280693,0.5556776540827171,0.2563373501178098,-0.05588739125905919,0.25922974514791025,1
ILG,governor,2018,0.5840885060100148,0.0664430057060152,0.5843184330560983,0.5865904373280693,0.5556776540827171,0.27750995276400825,0.1783342298512895,0.3395800399385103,-1
ILG,governor,2014,0.4797025366836235,0.0338286898825423,0.5843184330560983,0.5865904373280693,0.5556776540827171,0.2959876747630719,-0.12120970851161976,-0.08123449630275602,1
HIG,governor,2022,0.6316211023515349,0.0,0.6744152541944485,0.6503266464651488,0.617803258306115,0.5199292174793575,-0.05588739125905919,0.5391776711102388,0
HIG,governor,2018,0.650290851260975,0.036306138270354,0.6744152541944485,0.6503266464651488,0.617803258306115,0.6066519024384385,0.1783342298512895,0.6203179208804052,1
HIG,governor,2014,0.5715268507736343,0.1347014008355861,0.6744152541944485,0.6503266464651488,0.617803258306115,0.6836843233254938,-0.12120970851161976,0.2880833912865682,0
