race,office,year,D2,third,p2016,p2020,p2024
IA,senate,2020,0.4660037682361889,0.030384582462647036,0.4489095427853651,0.4581673691536295,0.4327720114520188
IA,senate,2014,0.4565051780099636,0.040443420944205555,0.4489095427853651,0.4581673691536295,0.4327720114520188
IA,senate,2008,0.6479013108956823,0.0007681603332040199,0.4489095427853651,0.4581673691536295,0.4327720114520188
MI,senate,2020,0.5097458581572213,0.019628866250353195,0.49872339433746454,0.5141355934440947,0.49278763171083034
MI,senate,2014,0.5691741893500019,0.04056457659668975,0.49872339433746454,0.5141355934440947,0.49278763171083034
MI,senate,2008,0.6498434153305581,0.034860606727101104,0.49872339433746454,0.5141355934440947,0.49278763171083034
OH,senate,2022,0.469427725751966,0.00042072492428644906,0.455297274407372,0.45923302352297285,0.44343385286362963
OH,senate,2018,0.534074324506399,0.0,0.455297274407372,0.45923302352297285,0.44343385286362963
OH,senate,2016,0.3903660950351629,0.048116012253693816,0.455297274407372,0.45923302352297285,0.44343385286362963
TX,senate,2020,0.45032161416514793,0.02621285312318881,0.45240757077158344,0.4716927876322047,0.43060966099190773
TX,senate,2018,0.4870625925138918,0.007820436938693723,0.45240757077158344,0.4716927876322047,0.43060966099190773
TX,senate,2008,0.43783969834988995,0.02340670758738667,0.45240757077158344,0.4716927876322047,0.43060966099190773
GA,senate,2020,0.4908935783488411,0.023229994901230268,0.47038817713508435,0.5011932966290864,0.4889563384860186
GA,senate,2016,0.4282458295096923,0.041628696451734726,0.47038817713508435,0.5011932966290864,0.4889563384860186
GA,senate,2008,0.4848662846359074,0.03410939683969423,0.47038817713508435,0.5011932966290864,0.4889563384860186
NC,senate,2020,0.49086698030374193,0.04372440160205971,0.48028190383272723,0.4931581746681328,0.48369659898699596
NC,senate,2014,0.49185836031861074,0.039229575254478566,0.48028190383272723,0.4931581746681328,0.48369659898699596
NC,senate,2008,0.5420615791746664,0.03174306039049494,0.48028190383272723,0.4931581746681328,0.48369659898699596
SC,senate,2022,0.37054741376014083,0.0010677206368010456,0.4262091837758645,0.44073391250417904,0.40938317386480927
SC,senate,2020,0.44792083759246604,0.013071024072651732,0.4262091837758645,0.44073391250417904,0.40938317386480927
SC,senate,2008,0.4263732794511693,0.0,0.4262091837758645,0.44073391250417904,0.40938317386480927
AK,senate,2020,0.4332049845171765,0.04747617137400914,0.41614360159647856,0.44738151276150695,0.43265057647314636
AK,senate,2014,0.4886478870474388,0.06205453257790367,0.41614360159647856,0.44738151276150695,0.43265057647314636
AK,senate,2018,0.4633490499116518,0.041548627448625794,0.41614360159647856,0.44738151276150695,0.43265057647314636
KS,senate,2020,0.4398103258811905,0.04990879214479201,0.38736380471742077,0.42427259450974314,0.4179426305272484
KS,senate,2016,0.34145894065579135,0.056324941599540435,0.38736380471742077,0.42427259450974314,0.4179426305272484
KS,senate,2014,0.4445061190604328,0.04325720308800253,0.38736380471742077,0.42427259450974314,0.4179426305272484
NH,senate,2020,0.5801466396055635,0.023755079066331286,0.5019674208926849,0.5374834772159505,0.5140761159304928
NH,senate,2014,0.5162754274650536,0.0033349789720152653,0.5019674208926849,0.5374834772159505,0.5140761159304928
NH,senate,2008,0.5327231842292607,0.03158665893288159,0.5019674208926849,0.5374834772159505,0.5140761159304928
ME,senate,2020,0.4516914984777106,0.06616064459427068,0.5145241992660694,0.5446460653970535,0.5354430581997446
ME,senate,2014,0.31485628037352176,0.0004426561357611447,0.5145241992660694,0.5446460653970535,0.5354430581997446
ME,senate,2008,0.3861648775231069,0.0008558452852587551,0.5145241992660694,0.5446460653970535,0.5354430581997446
FL,senate,2022,0.41706202502771816,0.01014564833826324,0.4934129042618955,0.48305245337858443,0.43388930566507705
FL,senate,2018,0.49932631370659375,0.002980204510323732,0.4934129042618955,0.48305245337858443,0.43388930566507705
FL,senate,2016,0.4598467442992851,0.03699820784857474,0.4934129042618955,0.48305245337858443,0.43388930566507705
SD,senate,2022,0.2730294639133813,0.042230331590138497,0.3356853719939953,0.365652201383185,0.3505490046307347
SD,senate,2020,0.3426475242671083,0.0,0.3356853719939953,0.365652201383185,0.3505490046307347
SD,senate,2014,0.3694314887744907,0.20119607464192918,0.3356853719939953,0.365652201383185,0.3505490046307347
ID,senate,2020,0.34679186228482,0.041307146670202265,0.31778292308620215,0.3412289764236351,0.31239079409873466
ID,senate,2014,0.34671638035546815,0.0,0.31778292308620215,0.3412289764236351,0.31239079409873466
ID,senate,2008,0.3716793966672695,0.08240058190661267,0.31778292308620215,0.3412289764236351,0.31239079409873466
MT,senate,2020,0.4498783925024396,0.0,0.38899922209517185,0.41602819907951893,0.3971095147991815
MT,senate,2014,0.4094690972193438,0.02145062813323022,0.38899922209517185,0.41602819907951893,0.3971095147991815
MT,senate,2008,0.7291597754041594,0.0,0.38899922209517185,0.41602819907951893,0.3971095147991815
VA,senate,2020,0.5604791420635676,0.0009961210754747863,0.525450787979499,0.551546869993999,0.5295103934265658
VA,senate,2014,0.5041620355304993,0.025137329939757935,0.525450787979499,0.551546869993999,0.5295103934265658
VA,senate,2024,0.54476016142344,0.0019140553386712735,0.525450787979499,0.551546869993999,0.5295103934265658
MN,senate,2020,0.5283972871152139,0.0776506289480365,0.5081397860696536,0.5363951364856667,0.5217170217609448
MN,senate,2014,0.5533189522924906,0.03941200931806162,0.5081397860696536,0.5363951364856667,0.5217170217609448
MN,senate,2018,0.5557030989933573,0.04678096095009732,0.5081397860696536,0.5363951364856667,0.5217170217609448
MS,senate,2020,0.44922380185716215,0.01765503441481095,0.4051012838701644,0.4161501417261114,0.3842748589440816
MS,senate,2014,0.3874919083376489,0.022058753707320317,0.4051012838701644,0.4161501417261114,0.3842748589440816
MS,senate,2008,0.3856495373793329,0.0,0.4051012838701644,0.4161501417261114,0.3842748589440816
LA,senate,2020,0.3658090958224073,0.03536639113935844,0.39822195113354064,0.4053555954370895,0.3882148959058407
LA,senate,2014,0.44065236116203893,0.0,0.39822195113354064,0.4053555954370895,0.3882148959058407
LA,senate,2008,0.5326388121640011,0.02167012729268671,0.39822195113354064,0.4053555954370895,0.3882148959058407
AR,senate,2022,0.3210855992959167,0.03182271059995163,0.35843003199786494,0.3578756672201685,0.3433000676385162
AR,senate,2014,0.4110416694854691,0.040149940968122785,0.35843003199786494,0.3578756672201685,0.3433000676385162
AR,senate,2016,0.37700666110790093,0.04057346039175745,0.35843003199786494,0.3578756672201685,0.3433000676385162
KY,senate,2016,0.4272544778538454,2.2065023522891147e-05,0.3432919745645756,0.36799897099737033,0.3448592898389792
KY,senate,2014,0.41948911604488137,0.030938516953370694,0.3432919745645756,0.36799897099737033,0.3448592898389792
KY,senate,2008,0.470655382997088,0.0,0.3432919745645756,0.36799897099737033,0.3448592898389792
OR,senate,2020,0.5913738589822733,0.03766231304544119,0.557277670220143,0.5830715698544173,0.5742616562386635
OR,senate,2014,0.6018520981480496,0.07405081218211598,0.557277670220143,0.5830715698544173,0.5742616562386635
OR,senate,2008,0.5177392005395463,0.0554188279064715,0.557277670220143,0.5830715698544173,0.5742616562386635
WY,senate,2020,0.2686420591731705,0.003938412205768248,0.24304834554750931,0.27519565624414905,0.26520826975892586
WY,senate,2014,0.19463860969582128,0.10368192885563275,0.24304834554750931,0.27519565624414905,0.26520826975892586
WY,senate,2008,0.24283774636830785,0.001076232466212702,0.24304834554750931,0.27519565624414905,0.26520826975892586
CO,senate,2020,0.5477158494288753,0.02323512959740898,0.5159073807999782,0.5693831949230015,0.5564654173106646
CO,senate,2014,0.4897079706694798,0.05534580594965944,0.5159073807999782,0.5693831949230015,0.5564654173106646
CO,senate,2008,0.5540690952020246,0.04712374427030439,0.5159073807999782,0.5693831949230015,0.5564654173106646
NM,senate,2020,0.531351315030601,0.02593857362661697,0.5465468655567981,0.5551849015171975,0.5307090611432366
NM,senate,2014,0.5555881017873701,0.0,0.5465468655567981,0.5551849015171975,0.5307090611432366
NM,senate,2008,0.6132799125842288,0.0,0.5465468655567981,0.5551849015171975,0.5307090611432366
FLG,governor,2022,0.40234494506977636,0.006546569870697653,0.4934129042618955,0.48305245337858443,0.43388930566507705
FLG,governor,2018,0.4980032911308543,0.01307995709409475,0.4934129042618955,0.48305245337858443,0.43388930566507705
FLG,governor,2014,0.4943400215404777,0.04120788151367756,0.4934129042618955,0.48305245337858443,0.43388930566507705
TXG,governor,2022,0.4447985821589418,0.014173219216338743,0.45240757077158344,0.4716927876322047,0.43060966099190773
TXG,governor,2018,0.432365807282406,0.01685539171298947,0.45240757077158344,0.4716927876322047,0.43060966099190773
TXG,governor,2014,0.39627360381577165,0.0182535201476474,0.45240757077158344,0.4716927876322047,0.43060966099190773
IAG,governor,2022,0.40510909719263044,0.024320218944170545,0.4489095427853651,0.4581673691536295,0.4327720114520188
IAG,governor,2018,0.4860239967156065,0.021767697698074823,0.4489095427853651,0.4581673691536295,0.4327720114520188
IAG,governor,2014,0.38717115644906475,0.037406313715973125,0.4489095427853651,0.4581673691536295,0.4327720114520188
OHG,governor,2022,0.37458109271814505,0.0021679000366879113,0.455297274407372,0.45923302352297285,0.44343385286362963
OHG,governor,2018,0.4807496555284633,0.02921702406648958,0.455297274407372,0.45923302352297285,0.44343385286362963
OHG,governor,2014,0.34166833942238983,0.03328170664544442,0.455297274407372,0.45923302352297285,0.44343385286362963
GAG,governor,2022,0.4620534514406107,0.007123727174124198,0.47038817713508435,0.5011932966290864,0.4889563384860186
GAG,governor,2018,0.4929879938791823,0.00945211975240447,0.47038817713508435,0.5011932966290864,0.4889563384860186
GAG,governor,2014,0.45975090269960495,0.023599961728731998,0.47038817713508435,0.5011932966290864,0.4889563384860186
WIG,governor,2022,0.5171732750125699,0.010984795726691988,0.4958931836293332,0.5031795226889677,0.49563305608827474
WIG,governor,2018,0.5055789770660082,0.02017014126318404,0.4958931836293332,0.5031795226889677,0.49563305608827474
WIG,governor,2014,0.4712935639311195,0.011490204180866062,0.4958931836293332,0.5031795226889677,0.49563305608827474
MIG,governor,2022,0.5535020518589706,0.015874595358285528,0.49872339433746454,0.5141355934440947,0.49278763171083034
MIG,governor,2018,0.5492833141892326,0.029374309653847647,0.49872339433746454,0.5141355934440947,0.49278763171083034
MIG,governor,2014,0.47920884017138105,0.022200003738281043,0.49872339433746454,0.5141355934440947,0.49278763171083034
NYG,governor,2022,0.53202688501494,0.008471622366413458,0.6107905084042259,0.6173605254198259,0.5634474305856947
NYG,governor,2018,0.6223350708229678,0.0424440182084513,0.6107905084042259,0.6173605254198259,0.5634474305856947
NYG,governor,2014,0.5738104236256352,0.05564917888730445,0.6107905084042259,0.6173605254198259,0.5634474305856947
PAG,governor,2022,0.5752172603588779,0.017995020060831965,0.4940743143986275,0.5059708817513885,0.4913680765393642
PAG,governor,2018,0.5866947730478607,0.015365616935874021,0.4940743143986275,0.5059708817513885,0.4913680765393642
PAG,governor,2014,0.5493216845268096,0.0,0.4940743143986275,0.5059708817513885,0.4913680765393642
AZG,governor,2022,0.5033449083799559,0.0031176619327711774,0.4783120909122491,0.5015683167912931,0.47205841039133317
AZG,governor,2018,0.42763602677442497,0.022764438807095496,0.4783120909122491,0.5015683167912931,0.47205841039133317
AZG,governor,2014,0.4377991917501814,0.04941065416193136,0.4783120909122491,0.5015683167912931,0.47205841039133317
NVG,governor,2022,0.49219882351619326,0.03895730363549801,0.5125987539463449,0.512231173400438,0.4842049104574149
NVG,governor,2018,0.5215613580825076,0.05296568529088834,0.5125987539463449,0.512231173400438,0.4842049104574149
NVG,governor,2014,0.2528769891191168,0.05530638924186604,0.5125987539463449,0.512231173400438,0.4842049104574149
CAG,governor,2022,0.591812682656245,0.0,0.6527783035968954,0.649096897735854,0.6040014257179834
CAG,governor,2018,0.6194852712581237,0.0,0.6527783035968954,0.649096897735854,0.6040014257179834
CAG,governor,2014,0.5997020053484888,0.0,0.6527783035968954,0.649096897735854,0.6040014257179834
ORG,governor,2022,0.5188660509533598,0.09554872544383786,0.557277670220143,0.5830715698544173,0.5742616562386635
ORG,governor,2018,0.5341557463163467,0.027824610265409618,0.557277670220143,0.5830715698544173,0.5742616562386635
ORG,governor,2014,0.5306447083889383,0.05983805045461133,0.557277670220143,0.5830715698544173,0.5742616562386635
KSG,governor,2022,0.5113858651170404,0.03127657339261326,0.38736380471742077,0.42427259450974314,0.4179426305272484
KSG,governor,2018,0.5278670278123141,0.09029724597381641,0.38736380471742077,0.42427259450974314,0.4179426305272484
KSG,governor,2014,0.48076462071015563,0.04048984361163056,0.38736380471742077,0.42427259450974314,0.4179426305272484
NEG,governor,2022,0.3779335977761814,0.03967486258895163,0.3604926830745172,0.40215947753398273,0.39579658348051105
NEG,governor,2018,0.40999540102094467,0.0,0.3604926830745172,0.40215947753398273,0.39579658348051105
NEG,governor,2014,0.40699617405734306,0.03520940152726639,0.3604926830745172,0.40215947753398273,0.39579658348051105
OKG,governor,2022,0.4297388593421724,0.02765667433173442,0.3069249452739665,0.3305996050309349,0.3252995809382919
OKG,governor,2018,0.43732017402963813,0.03441800090189947,0.3069249452739665,0.3305996050309349,0.3252995809382919
OKG,governor,2014,0.4235733597817008,0.03187804532079905,0.3069249452739665,0.3305996050309349,0.3252995809382919
ALG,governor,2022,0.3036716859341139,0.03913704891530528,0.354607806681353,0.37089316645247805,0.3455938807030605
ALG,governor,2018,0.4046034278811651,0.0014727994891190388,0.354607806681353,0.37089316645247805,0.3455938807030605
ALG,governor,2014,0.36299020627705203,0.0013958178042242568,0.354607806681353,0.37089316645247805,0.3455938807030605
SDG,governor,2022,0.3620051560483622,0.028509335572271435,0.3356853719939953,0.365652201383185,0.3505490046307347
SDG,governor,2018,0.4827256744250128,0.014283394594275424,0.3356853719939953,0.365652201383185,0.3505490046307347
SDG,governor,2014,0.26521582219949924,0.04101549121611634,0.3356853719939953,0.365652201383185,0.3505490046307347
VTG,governor,2022,0.25238991594152516,0.050490543776730595,0.652116150377701,0.6829918655280656,0.663852178858401
VTG,governor,2018,0.4217763268551507,0.045562674216663504,0.652116150377701,0.6829918655280656,0.663852178858401
VTG,governor,2014,0.506891904136275,0.08318536286512362,0.652116150377701,0.6829918655280656,0.663852178858401
COG,governor,2022,0.5990081259756698,0.022842918810760393,0.5159073807999782,0.5693831949230015,0.5564654173106646
COG,governor,2018,0.5551689948795916,0.03777055771303833,0.5159073807999782,0.5693831949230015,0.5564654173106646
COG,governor,2014,0.5175452580133578,0.04750037348066839,0.5159073807999782,0.5693831949230015,0.5564654173106646
NHG,governor,2024,0.45229450777436325,0.021175247112158988,0.5019674208926849,0.5374834772159505,0.5140761159304928
NHG,governor,2022,0.4212185787240046,0.015434436754504267,0.5019674208926849,0.5374834772159505,0.5140761159304928
NHG,governor,2020,0.3387387871712952,0.015142576204523106,0.5019674208926849,0.5374834772159505,0.5140761159304928
TNG,governor,2022,0.3365146915065609,0.02165319257282965,0.3636425398572119,0.38172229627933646,0.34939450172503334
TNG,governor,2018,0.3929464703955394,0.01886734418226055,0.3636425398572119,0.38172229627933646,0.34939450172503334
TNG,governor,2014,0.2452251447820953,0.06847387362897125,0.3636425398572119,0.38172229627933646,0.34939450172503334
MNG,governor,2022,0.5395528493724021,0.03121528553635875,0.5081397860696536,0.5363951364856667,0.5217170217609448
MNG,governor,2018,0.5592963869855521,0.03729234522494026,0.5081397860696536,0.5363951364856667,0.5217170217609448
MNG,governor,2014,0.5293988878005963,0.054184304391097324,0.5081397860696536,0.5363951364856667,0.5217170217609448
SCG,governor,2022,0.4121003199455654,0.012933599099966126,0.4262091837758645,0.44073391250417904,0.40938317386480927
SCG,governor,2018,0.45978948405299486,0.0011976089985236322,0.4262091837758645,0.44073391250417904,0.40938317386480927
SCG,governor,2014,0.42559475466498903,0.026871518196647518,0.4262091837758645,0.44073391250417904,0.40938317386480927
IDG,governor,2022,0.2509827512020687,0.19213869164934258,0.31778292308620215,0.3412289764236351,0.31239079409873466
IDG,governor,2018,0.3898508963427596,0.020473252898959068,0.31778292308620215,0.3412289764236351,0.31239079409873466
IDG,governor,2014,0.4186971091043335,0.0792657972279821,0.31778292308620215,0.3412289764236351,0.31239079409873466
WYG,governor,2022,0.1759699969033501,0.10112371134020619,0.24304834554750931,0.27519565624414905,0.26520826975892586
WYG,governor,2018,0.2909131548989744,0.05343980948444681,0.24304834554750931,0.27519565624414905,0.26520826975892586
WYG,governor,2014,0.3145505046338311,0.13357994245787094,0.24304834554750931,0.27519565624414905,0.26520826975892586
AKG,governor,2022,0.45069755715245635,0.0029116281609308722,0.41614360159647856,0.44738151276150695,0.43265057647314636
AKG,governor,2018,0.4633490499116518,0.041548627448625794,0.41614360159647856,0.44738151276150695,0.43265057647314636
AKG,governor,2014,0.5118260597880521,0.060240572229713435,0.41614360159647856,0.44738151276150695,0.43265057647314636
MEG,governor,2022,0.5666081437881462,0.018610894232578397,0.5145241992660694,0.5446460653970535,0.5354430581997446
MEG,governor,2018,0.5410021753882781,0.05929259373365323,0.5145241992660694,0.5446460653970535,0.5354430581997446
MEG,governor,2014,0.4734602659967542,0.08440380800099608,0.5145241992660694,0.5446460653970535,0.5354430581997446
CTG,governor,2022,0.5648867306181821,0.009846901349571308,0.5696098017772935,0.6017246380927086,0.5737823002110678
CTG,governor,2018,0.5165014304933436,0.044167009057602714,0.5696098017772935,0.6017246380927086,0.5737823002110678
CTG,governor,2014,0.5129644487506582,0.010490218073100044,0.5696098017772935,0.6017246380927086,0.5737823002110678
RIG,governor,2022,0.5984568141966161,0.03216093046663125,0.5820838855593574,0.605101897649823,0.5708120313394534
RIG,governor,2018,0.5860661314464553,0.10187805027085475,0.5820838855593574,0.605101897649823,0.5708120313394534
RIG,governor,2014,0.5290201221688786,0.23060282976655197,0.5820838855593574,0.605101897649823,0.5708120313394534
MAG,governor,2022,0.6483501149464798,0.01691611057383631,0.6446433979244953,0.6711554954014815,0.6295552233919002
MAG,governor,2018,0.3321084124357779,0.0028056374468848786,0.6446433979244953,0.6711554954014815,0.6295552233919002
MAG,governor,2014,0.49019878661637173,0.05066194819503634,0.6446433979244953,0.6711554954014815,0.6295552233919002
MDG,governor,2022,0.6676890560305148,0.033551879267293465,0.6316212240106561,0.6702904704709234,0.6475475702718092
MDG,governor,2018,0.4400853625295892,0.01138158534214619,0.6316212240106561,0.6702904704709234,0.6475475702718092
MDG,governor,2014,0.48078086012035814,0.017244453265956472,0.6316212240106561,0.6702904704709234,0.6475475702718092
NMG,governor,2022,0.5327162386003693,0.024411166771497888,0.5465468655567981,0.5551849015171975,0.5307090611432366
NMG,governor,2018,0.571990598154378,0.0,0.5465468655567981,0.5551849015171975,0.5307090611432366
NMG,governor,2014,0.4277688400074102,0.0,0.5465468655567981,0.5551849015171975,0.5307090611432366
ARG,governor,2022,0.3585590786513573,0.018400572413253262,0.35843003199786494,0.3578756672201685,0.3433000676385162
ARG,governor,2018,0.32718362707133813,0.029035040588485366,0.35843003199786494,0.3578756672201685,0.3433000676385162
ARG,governor,2014,0.4280804431130736,0.030695552161698437,0.35843003199786494,0.3578756672201685,0.3433000676385162
ILG,governor,2022,0.5644469366814573,0.02788329271528983,0.5843184330560983,0.5865904373280693,0.5556776540827171
ILG,governor,2018,0.5840885060100148,0.0664430057060152,0.5843184330560983,0.5865904373280693,0.5556776540827171
ILG,governor,2014,0.47970253668362356,0.03382868988254233,0.5843184330560983,0.5865904373280693,0.5556776540827171
HIG,governor,2022,0.6316211023515349,0.0,0.6744152541944485,0.6503266464651488,0.617803258306115
HIG,governor,2018,0.650290851260975,0.03630613827035408,0.6744152541944485,0.6503266464651488,0.617803258306115
HIG,governor,2014,0.5715268507736343,0.13470140083558613,0.6744152541944485,0.6503266464651488,0.617803258306115
MA,senate,2020,0.6668815304106207,0.008013723382048272,0.6446433979244953,0.6711554954014815,0.6295552233919002
MA,senate,2014,0.6196011900701957,0.0014762788181328095,0.6446433979244953,0.6711554954014815,0.6295552233919002
MA,senate,2008,0.6803773036613889,0.032143448854541616,0.6446433979244953,0.6711554954014815,0.6295552233919002
RI,senate,2020,0.6652302616207606,0.0016895386525067238,0.5820838855593574,0.605101897649823,0.5708120313394534
RI,senate,2014,0.7070118259956945,0.0017009808253070603,0.5820838855593574,0.605101897649823,0.5708120313394534
RI,senate,2008,0.7340448424744401,0.0,0.5820838855593574,0.605101897649823,0.5708120313394534
DE,senate,2020,0.6106500257398642,0.026636927495493293,0.5599951507544856,0.5962674416498447,0.5747923564149817
DE,senate,2014,0.5693574111679551,0.01948401541629992,0.5599951507544856,0.5962674416498447,0.5747923564149817
DE,senate,2008,0.6468651258119126,0.0,0.5599951507544856,0.5962674416498447,0.5747923564149817
WV,senate,2020,0.27753928339071715,0.02715946993136633,0.27826854992540695,0.3020146768607797,0.286561077199762
WV,senate,2014,0.3568396549363275,0.03412034148997375,0.27826854992540695,0.3020146768607797,0.286561077199762
WV,senate,2008,0.6286451911375486,0.0002184499726157356,0.27826854992540695,0.3020146768607797,0.286561077199762
IL,senate,2020,0.5855615856944992,0.06241177065697236,0.5843184330560983,0.5865904373280693,0.5556776540827171
IL,senate,2014,0.5563865439848634,0.03756328189195062,0.5843184330560983,0.5865904373280693,0.5556776540827171
IL,senate,2008,0.7039557360947656,0.036289532755309495,0.5843184330560983,0.5865904373280693,0.5556776540827171
TN,senate,2020,0.3611482719598059,0.02323464839061435,0.3636425398572119,0.38172229627933646,0.34939450172503334
TN,senate,2014,0.33996125580871706,0.06268262418444542,0.3636425398572119,0.38172229627933646,0.34939450172503334
TN,senate,2008,0.3269407038696253,0.03211766137297723,0.3636425398572119,0.38172229627933646,0.34939450172503334
AL,senate,2020,0.39803524587966377,0.0016797290676014323,0.354607806681353,0.37089316645247805,0.3455938807030605
AL,senate,2016,0.3592975953216531,0.0017394478606372196,0.354607806681353,0.37089316645247805,0.3455938807030605
AL,senate,2017,0.5084618800083365,0.01594939944536751,0.354607806681353,0.37089316645247805,0.3455938807030605
NJ,senate,2020,0.5830763159283487,0.018513514122156315,0.5683449859990909,0.5807128358679484,0.5301387371661676
NJ,senate,2014,0.5688137783946167,0.018385320413899713,0.5683449859990909,0.5807128358679484,0.5301387371661676
NJ,senate,2008,0.5718309883920792,0.019390679633636453,0.5683449859990909,0.5807128358679484,0.5301387371661676
OK,senate,2020,0.34237488943201805,0.043343414541998936,0.3069249452739665,0.3305996050309349,0.3252995809382919
OK,senate,2014,0.29566559365429484,0.03443263521754334,0.3069249452739665,0.3305996050309349,0.3252995809382919
OK,senate,2008,0.4087456461915358,0.04136264783909345,0.3069249452739665,0.3305996050309349,0.3252995809382919
NE,senate,2024,0.46652957353275964,0.002897682706407939,0.3604926830745172,0.40215947753398273,0.39579658348051105
NE,senate,2020,0.2802412242289977,0.12830609036736607,0.3604926830745172,0.40215947753398273,0.39579658348051105
NE,senate,2014,0.32858083717840014,0.04098605088804962,0.3604926830745172,0.40215947753398273,0.39579658348051105
NE,senate,2008,0.4105158345294901,0.024228054878733543,0.3604926830745172,0.40215947753398273,0.39579658348051105
