source,dates,end,n,pop,R,bankhead,bodnar,O,U
American Pulse Research & Polling for NonStop Local,September 19-24 2026,2026-09-24,600,V,45.1,18.9,26.1,0,9.9
Aspect Strategic (I),September 7-15 2026,2026-09-15,715,LV,44,14,32,0,10
Rutgers University Eagleton Institute of Politics,August 27-September 7 2026,2026-09-07,845,RV,38,16,30,5,11
Peak Insights,August 23-25 2026,2026-08-25,600,LV,44,19,22,2,13
Hart Research (D),August 1-4 2026,2026-08-04,800,LV,45,15,30,6,4
Tavern Research (D),July 23-27 2026,2026-07-27,517,LV,49,24,25,2,0
GQR (D),July 23-26 2026,2026-07-26,500,LV,41,22,27,6,4
Bullfinch Group (R),July 13-16 2026,2026-07-16,793,LV,36,22,24,0,18
GrayHouse (R),June 23-24 2026,2026-06-24,500,RV,41,25,17,3,13
Hart Research (D),June 18-24 2026,2026-06-24,800,LV,47,22,25,0,6
Tavern Research (D),June 16-19 2026,2026-06-19,400,LV,49,26,24,2,0
Public Opinion Strategies (R),June 8-11 2026,2026-06-11,500,LV,44,25,20,4,7
