cycle,race,pollster,gap
2018,MOS,CNN/SSRS,2.1213735190801666
2018,NVG,CNN/SSRS,0.855225804404499
2018,NVS,CNN/SSRS,0.8313412218435019
2018,TXG,CNN/SSRS,0.41379546519298704
2018,TXS,CNN/SSRS,-1.9610356576640633
2018,FLS,CNN/SSRS,1.010135365875979
2018,AZG,CNN/SSRS,2.2731187038378717
2018,AZS,CNN/SSRS,0.8569754938347968
2018,FLS,CNN/SSRS,2.083634820028404
2018,NVG,CNN/SSRS,-3.666563654277488
2018,NVS,CNN/SSRS,-0.30395230381911265
2018,TNG,CNN/SSRS,1.2048775789530273
2018,TNS,CNN/SSRS,-3.1825801559671603
2022,AZG,CNN/SSRS,-2.2225881285416844
2022,AZS,CNN/SSRS,-4.4205478672026555
2022,NVS,CNN/SSRS,-5.425879110529664
2022,WIG,CNN/SSRS,-2.12798072093979
2022,WIS,CNN/SSRS,-4.237061422754532
2022,MIG,CNN/SSRS,-8.557939821791544
2022,UTS,Dan Jones and Associates,-1.204877578953028
2018,NJS,Fairleigh Dickinson University,0.25500966024200045
2018,AZG,Fox News,1.8610356243307118
2018,AZS,FOX News,1.0506128043840157
2018,INS,Fox News,1.1467718199441626
2018,MOS,Fox News,0.0
2018,NDS,FOX News,-2.913445406198782
2018,TNG,Fox News,0.45613409980008457
2018,TNS,FOX News,1.3287319895711136
2018,AZG,Fox News,1.8610356243307118
2018,AZS,FOX News,-1.1236427926029289
2018,INS,Fox News,3.449643574347564
2018,MOS,Fox News,1.2048775789530266
2018,NDS,FOX News,-2.0002667306849577
2018,TNG,Fox News,-0.517067689736625
2018,TNS,FOX News,-0.8064690964941862
2018,PAG,Franklin & Marshall College,-8.3092259695491
2018,PAS,Franklin & Marshall College,-6.068042850213367
2022,AZS,Kurt Jetta,-7.675055912923135
2022,UTS,Kurt Jetta,-12.388429930979951
2018,AZG,Latino Decisions,-0.7564440798150086
2018,AZS,Latino Decisions,-0.6853334021793598
2018,NVG,Marist College,-3.5308783606976686
2018,WIG,Marist College,1.0101353658759693
2018,MNG,Marist College,3.370215440090682
2018,MNS2,Marist College,3.1857907193053867
2018,MNS,Marist College,0.8403559158190577
2018,GAG,Marist College,-3.3215334644804515
2018,AZG,Marist College,2.564664719377521
2018,TNG,Marist College,0.3809115442444472
2018,FLS,Marist College,-1.0989453359387675
2022,COG,Marist College,-4.002135383676822
2022,COS,Marist College,-1.3504380893259422
2022,TXG,Marist College,-4.0948138161429695
2022,OHG,Marist College,0.300023978910946
2022,AZG,Marist College,-0.021706099754832675
2022,AZS,Marist College,-1.164120231110966
2022,GAG,Marist College,-1.9233140413897996
2022,GAS,Marist College,-4.257890417015338
2018,WIG,Marquette University,3.3720640397766273
2018,WIS,Marquette University,-1.1765248705097056
2018,WIG,Marquette University,3.2978983895898697
2018,WIS,Marquette University,0.7104915286326439
2022,WIG,Marquette University,-4.67815622819118
2022,WIS,Marquette University,-6.1301161046166195
2022,WIG,Marquette University,1.1236427926029313
2022,WIS,Marquette University,1.1858263308658006
2018,NVS,NBC News/Marist,-1.1211232027916143
2018,WIS,NBC News/Marist,0.9346066506076334
2018,MSS2,NBC News/Marist,-0.9487950729502814
2018,MSS,NBC News/Marist,-1.0638699223642467
2018,AZS,NBC News/Marist,1.024779685751998
2018,TNS,NBC News/Marist,-2.0002667306849595
2018,INS,NBC News/Marist,-0.16638950463373284
2018,MOS,NBC News/Marist,-0.07416565018675547
2018,NJS,Rutgers-Eagleton,1.9322857548829822
2022,WAS,Strategies 360,-3.3069901252272493
2018,TNG,Targoz Market Research,-0.6451702417953953
2018,TNS,Targoz Market Research,-5.125778176279748
2018,MAG,UMass Lowell,1.1236427926029302
2018,MAS,UMass Lowell,-5.089134715497118
2018,MDG,University of Maryland,0.9487950729502787
2018,TXS,University of Texas Tyler,1.1765248705097078
2018,CAG,USC Dornsife/Los Angeles Times,1.2184295508478882
2022,TXG,UT Tyler,-3.0937701859043742
2018,MAG,Western New England University,3.0728427300081576
2018,MAS,Western New England University,2.7033610635137926
