cycle,race,office,state,days_out,dem,rep,actual_d2,actual_margin,lean,nat,inc,open_party,inc_party,poll_d2,poll_level,n_polls,houses,undecided,other,psi_d2
2018,ALG,governor,AL,31,Walt Maddox,Kay Ivey,0.40450676014021036,-19.07,-0.6031389772959941,0.1462601770648433,-1,0,R,0.3921775898520085,psi,2,1.0,13.0,0.0,0.3921775898520085
2018,ALG,governor,AL,1,Walt Maddox,Kay Ivey,0.40450676014021036,-19.07,-0.6031389772959941,0.1462601770648433,-1,0,R,0.3921775898520085,psi,2,1.0,13.0,0.0,0.3921775898520085
2018,AKG,governor,AK,31,Mark Begich,Mike Dunleavy,0.4633281168492436,-7.030000000000001,-0.34236778956508146,0.1462601770648433,0,0,I,0.352112676056338,psi,2,1.0,4.0,25.0,0.352112676056338
2018,AKG,governor,AK,1,Mark Begich,Mike Dunleavy,0.4633281168492436,-7.030000000000001,-0.34236778956508146,0.1462601770648433,0,0,I,0.4043419267299864,psi,6,1.0,4.666666666666667,19.5,0.4043419267299864
2018,AZG,governor,AZ,31,David Garcia,Doug Ducey,0.4276369582992641,-14.159999999999997,-0.09109930696382477,0.1462601770648433,-1,0,R,0.42071881606765327,psi,6,6.0,9.6,2.25,0.42071881606765327
2018,AZG,governor,AZ,1,David Garcia,Doug Ducey,0.4276369582992641,-14.159999999999997,-0.09109930696382477,0.1462601770648433,-1,0,R,0.41481587347483023,lowess,25,15.0,6.375,2.1818181818181817,0.4186046511627907
2018,ARG,governor,AR,31,Jared Henderson,Asa Hutchinson,0.3271884654994851,-33.56,-0.586477977740483,0.1462601770648433,-1,0,R,,none,0,0.0,,,
2018,ARG,governor,AR,1,Jared Henderson,Asa Hutchinson,0.3271884654994851,-33.56,-0.586477977740483,0.1462601770648433,-1,0,R,0.3593073593073593,psi,2,2.0,11.0,5.5,0.3593073593073593
2018,CAG,governor,CA,31,Gavin Newsom,John Cox,0.6195,23.900000000000006,0.6269808942243474,0.1462601770648433,0,1,D,0.5368421052631579,psi,2,1.0,5.0,0.0,0.5368421052631579
2018,CAG,governor,CA,1,Gavin Newsom,John Cox,0.6195,23.900000000000006,0.6269808942243474,0.1462601770648433,0,1,D,0.5790984084217662,lowess,17,11.0,8.3125,2.5,0.5817610062893082
2018,COG,governor,CO,31,Jared Polis,Walker Stapleton,0.5551860320099772,10.620000000000005,0.05935780191649037,0.1462601770648433,0,1,D,,none,0,0.0,,,
2018,COG,governor,CO,1,Jared Polis,Walker Stapleton,0.5551860320099772,10.620000000000005,0.05935780191649037,0.1462601770648433,0,1,D,0.5466520307354555,psi,4,3.0,6.5,4.0,0.5466520307354555
2018,CTG,governor,CT,31,Ned Lamont,Bob Stefanowski,0.5165306549487341,3.1599999999999966,0.275966130696483,0.1462601770648433,0,1,D,,none,0,0.0,,,
2018,CTG,governor,CT,1,Ned Lamont,Bob Stefanowski,0.5165306549487341,3.1599999999999966,0.275966130696483,0.1462601770648433,0,1,D,0.5308788598574822,psi,7,4.0,9.428571428571429,9.333333333333334,0.5308788598574822
2018,FLG,governor,FL,31,Andrew Gillum,Ron DeSantis,0.4979752986434501,-0.4000000000000057,-0.030643109934522808,0.1462601770648433,0,-1,R,,none,0,0.0,,,
2018,FLG,governor,FL,1,Andrew Gillum,Ron DeSantis,0.4979752986434501,-0.4000000000000057,-0.030643109934522808,0.1462601770648433,0,-1,R,,none,0,0.0,,,
2018,GAG,governor,GA,31,Stacey Abrams,Brian Kemp,0.49298334174659264,-1.3900000000000006,-0.12287926837468954,0.1462601770648433,0,-1,R,0.48988285410010646,psi,3,2.0,8.0,2.0,0.48988285410010646
2018,GAG,governor,GA,1,Stacey Abrams,Brian Kemp,0.49298334174659264,-1.3900000000000006,-0.12287926837468954,0.1462601770648433,0,-1,R,0.4663984574734427,lowess,14,8.0,4.428571428571429,2.3333333333333335,0.47826086956521735
2018,HIG,governor,HI,31,David Ige,Andria Tupola,0.6503061118605376,28.97,0.7239300393172391,0.1462601770648433,1,0,D,,none,0,0.0,,,
2018,HIG,governor,HI,1,David Ige,Andria Tupola,0.6503061118605376,28.97,0.7239300393172391,0.1462601770648433,1,0,D,0.6265060240963856,psi,1,1.0,11.0,0.0,0.6265060240963856
2018,IDG,governor,ID,31,Paulette Jordan,Brad Little,0.3898530012249897,-21.580000000000005,-0.76827258640442,0.1462601770648433,0,-1,R,,none,0,0.0,,,
2018,IDG,governor,ID,1,Paulette Jordan,Brad Little,0.3898530012249897,-21.580000000000005,-0.76827258640442,0.1462601770648433,0,-1,R,0.4148936170212766,psi,1,1.0,,5.0,0.4148936170212766
2018,ILG,governor,IL,31,JB Pritzker,Bruce Rauner,0.584083119108826,15.700000000000003,0.33623339075481723,0.1462601770648433,-1,0,R,0.6091370558375635,psi,4,4.0,11.0,9.75,0.6091370558375635
2018,ILG,governor,IL,1,JB Pritzker,Bruce Rauner,0.584083119108826,15.700000000000003,0.33623339075481723,0.1462601770648433,-1,0,R,0.6009852216748769,psi,5,4.0,9.75,10.4,0.6009852216748769
2018,IAG,governor,IA,31,Fred Hubbell,Kim Reynolds,0.48604151753758057,-2.729999999999997,-0.2093707636237134,0.1462601770648433,-1,0,R,,none,0,0.0,,,
2018,IAG,governor,IA,1,Fred Hubbell,Kim Reynolds,0.48604151753758057,-2.729999999999997,-0.2093707636237134,0.1462601770648433,-1,0,R,0.4834578441835646,psi,4,4.0,6.0,2.25,0.4834578441835646
2018,KSG,governor,KS,31,Laura Kelly,Kris Kobach,0.5276404000439608,5.030000000000001,-0.4627001645174269,0.1462601770648433,0,-1,R,0.5013089005235601,psi,4,2.0,8.0,13.5,0.5013089005235601
2018,KSG,governor,KS,1,Laura Kelly,Kris Kobach,0.5276404000439608,5.030000000000001,-0.4627001645174269,0.1462601770648433,0,-1,R,0.49764150943396224,psi,7,4.0,6.5,12.285714285714286,0.49764150943396224
2018,MEG,governor,ME,31,Janet Mills,Shawn Moody,0.5409801211863506,7.710000000000001,0.05381994373048979,0.1462601770648433,0,-1,R,0.5485436893203883,psi,2,2.0,13.0,12.0,0.5485436893203883
2018,MEG,governor,ME,1,Janet Mills,Shawn Moody,0.5409801211863506,7.710000000000001,0.05381994373048979,0.1462601770648433,0,-1,R,0.5595628415300546,psi,5,4.0,9.0,8.5,0.5595628415300546
2018,MDG,governor,MD,31,Ben Jealous,Larry Hogan,0.44011733764920086,-11.840000000000003,0.5348849914922345,0.1462601770648433,-1,0,R,0.4,psi,2,2.0,9.0,2.0,0.4
2018,MDG,governor,MD,1,Ben Jealous,Larry Hogan,0.44011733764920086,-11.840000000000003,0.5348849914922345,0.1462601770648433,-1,0,R,0.3968253968253968,psi,3,3.0,7.0,1.3333333333333333,0.3968253968253968
2018,MAG,governor,MA,31,Jay Gonzalez,Charlie Baker,0.33212996389891697,-33.48,0.5912822918048842,0.1462601770648433,-1,0,R,,none,0,0.0,,,
2018,MAG,governor,MA,1,Jay Gonzalez,Charlie Baker,0.33212996389891697,-33.48,0.5912822918048842,0.1462601770648433,-1,0,R,0.27952329360780065,psi,4,4.0,5.0,3.5,0.27952329360780065
2018,MIG,governor,MI,31,Gretchen Whitmer,Bill Schuette,0.549247887904389,9.560000000000002,-0.009399636233780161,0.1462601770648433,0,-1,R,0.5669014084507042,psi,4,3.0,10.0,4.0,0.5669014084507042
2018,MIG,governor,MI,1,Gretchen Whitmer,Bill Schuette,0.549247887904389,9.560000000000002,-0.009399636233780161,0.1462601770648433,0,-1,R,0.5475073292889022,lowess,18,10.0,7.8125,3.5294117647058822,0.5545755237045205
2018,MNG,governor,MN,31,Tim Walz,Jeff Johnson,0.5592604134205879,11.410000000000004,0.028268818571858097,0.1462601770648433,0,1,D,0.5862068965517241,psi,1,1.0,6.0,0.0,0.5862068965517241
2018,MNG,governor,MN,1,Tim Walz,Jeff Johnson,0.5592604134205879,11.410000000000004,0.028268818571858097,0.1462601770648433,0,1,D,0.5565509518477043,psi,7,6.0,7.6,2.2,0.5565509518477043
2018,NEG,governor,NE,31,Bob Krist,Pete Ricketts,0.41,-18.0,-0.5775196051600713,0.1462601770648433,-1,0,R,,none,0,0.0,,,
2018,NEG,governor,NE,1,Bob Krist,Pete Ricketts,0.41,-18.0,-0.5775196051600713,0.1462601770648433,-1,0,R,,none,0,0.0,,,
2018,NVG,governor,NV,31,Steve Sisolak,Adam Laxalt,0.5215417106652587,4.079999999999998,0.0461124828698421,0.1462601770648433,0,-1,R,0.49355216881594366,psi,3,3.0,6.333333333333333,8.0,0.49355216881594366
2018,NVG,governor,NV,1,Steve Sisolak,Adam Laxalt,0.5215417106652587,4.079999999999998,0.0461124828698421,0.1462601770648433,0,-1,R,0.5029538348629137,lowess,18,9.0,6.5,5.75,0.4983783783783784
2018,NHG,governor,NH,31,Molly Kelly,Chris Sununu,0.46427121396670723,-7.039999999999999,0.003576521698971947,0.1462601770648433,-1,0,R,0.4731182795698925,psi,1,1.0,7.0,0.0,0.4731182795698925
2018,NHG,governor,NH,1,Molly Kelly,Chris Sununu,0.46427121396670723,-7.039999999999999,0.003576521698971947,0.1462601770648433,-1,0,R,0.4577540106951871,psi,7,4.0,8.5,1.5,0.4577540106951871
2018,NMG,governor,NM,31,Michelle Lujan Grisham,Steve Pearce,0.5720000000000001,14.400000000000006,0.18243493497068536,0.1462601770648433,0,-1,R,0.5238095238095238,psi,1,1.0,16.0,0.0,0.5238095238095238
2018,NMG,governor,NM,1,Michelle Lujan Grisham,Steve Pearce,0.5720000000000001,14.400000000000006,0.18243493497068536,0.1462601770648433,0,-1,R,0.5473465140478668,psi,7,6.0,7.285714285714286,0.0,0.5473465140478668
2018,NYG,governor,NY,31,Andrew Cuomo,Marc Molinaro,0.6221920384494828,23.39,0.44634309365787334,0.1462601770648433,1,0,D,0.5957446808510638,psi,1,1.0,4.0,0.0,0.5957446808510638
2018,NYG,governor,NY,1,Andrew Cuomo,Marc Molinaro,0.6221920384494828,23.39,0.44634309365787334,0.1462601770648433,1,0,D,0.6,psi,4,3.0,5.5,3.0,0.6
2018,OHG,governor,OH,31,Richard Cordray,Mike DeWine,0.4807870608838983,-3.729999999999997,-0.18358283475003304,0.1462601770648433,0,-1,R,0.4931506849315068,psi,1,1.0,27.0,0.0,0.4931506849315068
2018,OHG,governor,OH,1,Richard Cordray,Mike DeWine,0.4807870608838983,-3.729999999999997,-0.18358283475003304,0.1462601770648433,0,-1,R,0.5225803627667002,lowess,10,7.0,11.555555555555555,3.2,0.5195530726256983
2018,OKG,governor,OK,31,Drew Edmondson,Kevin Stitt,0.43734465617232804,-12.100000000000001,-0.8188282601283066,0.1462601770648433,0,-1,R,0.47409909909909903,psi,2,0.0,8.0,3.0,0.47409909909909903
2018,OKG,governor,OK,1,Drew Edmondson,Kevin Stitt,0.43734465617232804,-12.100000000000001,-0.8188282601283066,0.1462601770648433,0,-1,R,0.46489361702127663,psi,5,1.0,6.5,2.8,0.46489361702127663
2018,ORG,governor,OR,31,Kate Brown,Knute Buehler,0.5341515474919958,6.399999999999999,0.22582764504669878,0.1462601770648433,1,0,D,0.5060240963855421,psi,1,0.0,,0.0,0.5060240963855421
2018,ORG,governor,OR,1,Kate Brown,Knute Buehler,0.5341515474919958,6.399999999999999,0.22582764504669878,0.1462601770648433,1,0,D,0.5244596131968146,psi,5,4.0,9.333333333333334,6.75,0.5244596131968146
2018,PAG,governor,PA,31,Tom Wolf,Scott Wagner,0.5867289909562037,17.07,-0.027997054709438023,0.1462601770648433,1,0,D,0.5714285714285714,psi,1,1.0,16.0,0.0,0.5714285714285714
2018,PAG,governor,PA,1,Tom Wolf,Scott Wagner,0.5867289909562037,17.07,-0.027997054709438023,0.1462601770648433,1,0,D,0.5876726886291179,psi,5,5.0,9.0,2.0,0.5876726886291179
2018,RIG,governor,RI,31,Gina Raimondo,Allan Fung,0.5860610109107104,15.46,0.3270406388923691,0.1462601770648433,1,0,D,0.5853658536585366,psi,1,1.0,11.0,8.0,0.5853658536585366
2018,RIG,governor,RI,1,Gina Raimondo,Allan Fung,0.5860610109107104,15.46,0.3270406388923691,0.1462601770648433,1,0,D,0.5712484237074401,psi,2,2.0,9.5,10.5,0.5712484237074401
2018,SCG,governor,SC,31,James Smith,Henry McMaster,0.45975170204245097,-8.04,-0.3016278332452538,0.1462601770648433,-1,0,R,0.42045454545454547,psi,1,0.0,13.0,0.0,0.42045454545454547
2018,SCG,governor,SC,1,James Smith,Henry McMaster,0.45975170204245097,-8.04,-0.3016278332452538,0.1462601770648433,-1,0,R,0.4065934065934066,psi,3,0.0,11.0,0.0,0.4065934065934066
2018,SDG,governor,SD,31,Billie Sutton,Kristi Noem,0.48290554935578783,-3.3699999999999974,-0.6663819725971523,0.1462601770648433,0,-1,R,0.5172413793103449,psi,1,0.0,10.0,3.0,0.5172413793103449
2018,SDG,governor,SD,1,Billie Sutton,Kristi Noem,0.48290554935578783,-3.3699999999999974,-0.6663819725971523,0.1462601770648433,0,-1,R,0.49894736842105264,psi,5,3.0,8.0,1.6,0.49894736842105264
2018,TNG,governor,TN,31,Karl Dean,Bill Lee,0.3929263072061971,-21.010000000000005,-0.5638823004228526,0.1462601770648433,0,-1,R,0.40702947845804993,psi,2,2.0,14.5,1.0,0.40702947845804993
2018,TNG,governor,TN,1,Karl Dean,Bill Lee,0.3929263072061971,-21.010000000000005,-0.5638823004228526,0.1462601770648433,0,-1,R,0.4465981994122024,lowess,13,10.0,7.181818181818182,1.75,0.4334365325077399
2018,TXG,governor,TX,31,Lupe Valdez,Greg Abbott,0.43236371033360455,-13.300000000000004,-0.1952409916509899,0.1462601770648433,-1,0,R,0.3595375722543353,psi,2,2.0,10.5,3.0,0.3595375722543353
2018,TXG,governor,TX,1,Lupe Valdez,Greg Abbott,0.43236371033360455,-13.300000000000004,-0.1952409916509899,0.1462601770648433,-1,0,R,0.4550496370065307,lowess,11,9.0,6.9,2.6666666666666665,0.42378378378378384
2018,VTG,governor,VT,31,Christine Hallquist,Phil Scott,0.4217309304274937,-14.939999999999998,0.6240608297150825,0.1462601770648433,-1,0,R,0.45652173913043476,psi,1,0.0,,0.0,0.45652173913043476
2018,VTG,governor,VT,1,Christine Hallquist,Phil Scott,0.4217309304274937,-14.939999999999998,0.6240608297150825,0.1462601770648433,-1,0,R,0.4345738295318127,psi,3,2.0,17.0,7.0,0.4345738295318127
2018,WIG,governor,WI,31,Tony Evers,Scott Walker,0.5056133904878547,1.1000000000000014,-0.020720837400197423,0.1462601770648433,-1,0,R,0.5393743257820928,psi,2,2.0,3.5,4.0,0.5393743257820928
2018,WIG,governor,WI,1,Tony Evers,Scott Walker,0.5056133904878547,1.1000000000000014,-0.020720837400197423,0.1462601770648433,-1,0,R,0.5162644281217208,psi,7,5.0,3.2857142857142856,3.2857142857142856,0.5162644281217208
2018,WYG,governor,WY,31,Mary Throne,Mark Gordon,0.29093598140714133,-39.580000000000005,-1.14033221280323,0.1462601770648433,0,-1,R,,none,0,0.0,,,
2018,WYG,governor,WY,1,Mary Throne,Mark Gordon,0.29093598140714133,-39.580000000000005,-1.14033221280323,0.1462601770648433,0,-1,R,0.3068181818181818,psi,1,1.0,,10.0,0.3068181818181818
2018,AZS,senate,AZ,31,Kyrsten Sinema,Martha McSally,0.5120426360561648,2.3500000000000014,-0.09109930696382477,0.1462601770648433,0,-1,R,0.49013499480789197,psi,6,6.0,8.4,2.75,0.49013499480789197
2018,AZS,senate,AZ,1,Kyrsten Sinema,Martha McSally,0.5120426360561648,2.3500000000000014,-0.09109930696382477,0.1462601770648433,0,-1,R,0.5043514160672806,lowess,32,18.0,5.565217391304348,2.35,0.5036572622779519
2018,CTS,senate,CT,31,Chris Murphy,Matthew Corey,0.6020428802588997,20.18,0.275966130696483,0.1462601770648433,1,0,D,,none,0,0.0,,,
2018,CTS,senate,CT,1,Chris Murphy,Matthew Corey,0.6020428802588997,20.18,0.275966130696483,0.1462601770648433,1,0,D,0.5919661733615222,psi,4,3.0,4.5,1.0,0.5919661733615222
2018,DES,senate,DE,31,Tom Carper,Rob Arlett,0.6132364975450082,22.14,0.23684917397307476,0.1462601770648433,1,0,D,,none,0,0.0,,,
2018,DES,senate,DE,1,Tom Carper,Rob Arlett,0.6132364975450082,22.14,0.23684917397307476,0.1462601770648433,1,0,D,,none,0,0.0,,,
2018,FLS,senate,FL,31,Bill Nelson,Rick Scott,0.4993998799759952,-0.11999999999999744,-0.030643109934522808,0.1462601770648433,1,0,D,0.488943949422294,lowess,8,7.0,6.285714285714286,2.3333333333333335,0.5079533404029692
2018,FLS,senate,FL,1,Bill Nelson,Rick Scott,0.4993998799759952,-0.11999999999999744,-0.030643109934522808,0.1462601770648433,1,0,D,0.49917900613344435,lowess,47,24.0,5.783783783783784,2.1538461538461537,0.49739311783107404
2018,HIS,senate,HI,31,Mazie Hirono,Ron Curtis,0.7115,42.300000000000004,0.7239300393172391,0.1462601770648433,1,0,D,,none,0,0.0,,,
2018,HIS,senate,HI,1,Mazie Hirono,Ron Curtis,0.7115,42.300000000000004,0.7239300393172391,0.1462601770648433,1,0,D,,none,0,0.0,,,
2018,INS,senate,IN,31,Joe Donnelly,Mike Braun,0.46918489065606367,-5.8899999999999935,-0.4150998830375554,0.1462601770648433,1,0,D,0.49215922798552464,psi,2,1.0,7.0,7.5,0.49215922798552464
2018,INS,senate,IN,1,Joe Donnelly,Mike Braun,0.46918489065606367,-5.8899999999999935,-0.4150998830375554,0.1462601770648433,1,0,D,0.5013680219696546,lowess,21,7.0,6.923076923076923,5.461538461538462,0.507377979568672
2018,MES,senate,ME,31,Angus King,Eric Brakey,0.6065445610900158,19.080000000000005,0.05381994373048979,0.1462601770648433,0,0,I,0.5662650602409639,psi,1,0.0,,8.0,0.5662650602409639
2018,MES,senate,ME,1,Angus King,Eric Brakey,0.6065445610900158,19.080000000000005,0.05381994373048979,0.1462601770648433,0,0,I,0.5808736717827627,psi,4,2.0,11.666666666666666,7.25,0.5808736717827627
2018,MDS,senate,MD,31,Ben Cardin,Tony Campbell,0.6815172848586739,34.55,0.5348849914922345,0.1462601770648433,1,0,D,0.6901408450704225,psi,1,1.0,11.0,18.0,0.6901408450704225
2018,MDS,senate,MD,1,Ben Cardin,Tony Campbell,0.6815172848586739,34.55,0.5348849914922345,0.1462601770648433,1,0,D,0.6901408450704225,psi,1,1.0,11.0,18.0,0.6901408450704225
2018,MAS,senate,MA,31,Elizabeth Warren,Geoff Diehl,0.6252201844368459,24.17,0.5912822918048842,0.1462601770648433,1,0,D,,none,0,0.0,,,
2018,MAS,senate,MA,1,Elizabeth Warren,Geoff Diehl,0.6252201844368459,24.17,0.5912822918048842,0.1462601770648433,1,0,D,0.6342857142857142,psi,4,4.0,4.5,7.75,0.6342857142857142
2018,MIS,senate,MI,31,Debbie Stabenow,John James,0.53315649867374,6.5,-0.009399636233780161,0.1462601770648433,1,0,D,0.6134831460674157,psi,3,3.0,7.333333333333333,4.0,0.6134831460674157
2018,MIS,senate,MI,1,Debbie Stabenow,John James,0.53315649867374,6.5,-0.009399636233780161,0.1462601770648433,1,0,D,0.5237525054056512,lowess,18,11.0,5.3125,2.5,0.5419689119170984
2018,MNS,senate,MN,31,Amy Klobuchar,Jim Newberger,0.6248445917944467,24.1,0.028268818571858097,0.1462601770648433,1,0,D,0.6521739130434783,psi,1,1.0,4.0,4.0,0.6521739130434783
2018,MNS,senate,MN,1,Amy Klobuchar,Jim Newberger,0.6248445917944467,24.1,0.028268818571858097,0.1462601770648433,1,0,D,0.6174496644295302,psi,7,6.0,6.6,3.8333333333333335,0.6174496644295302
2018,MNS2,senate,MN,31,Tina Smith,Karin Housley,0.5557070919009652,10.619999999999997,0.028268818571858097,0.1462601770648433,1,0,D,0.5869565217391305,psi,1,1.0,7.0,0.0,0.5869565217391305
2018,MNS2,senate,MN,1,Tina Smith,Karin Housley,0.5557070919009652,10.619999999999997,0.028268818571858097,0.1462601770648433,1,0,D,0.5610328638497653,psi,7,6.0,7.2,4.2,0.5610328638497653
2018,MSS,senate,MS,31,David Baria,Roger Wicker,0.40291955900367493,-19.020000000000003,-0.3885472490804911,0.1462601770648433,-1,0,R,0.4027777777777778,psi,1,1.0,27.0,0.0,0.4027777777777778
2018,MSS,senate,MS,1,David Baria,Roger Wicker,0.40291955900367493,-19.020000000000003,-0.3885472490804911,0.1462601770648433,-1,0,R,0.38539325842696626,psi,5,5.0,13.0,4.0,0.38539325842696626
2018,MSS2,senate,MS,31,Mike Espy,Cindy Hyde-Smith,0.497869750456482,-0.3500000000000014,-0.3885472490804911,0.1462601770648433,-1,0,R,0.5102040816326531,psi,1,1.0,27.0,23.0,0.5102040816326531
2018,MSS2,senate,MS,1,Mike Espy,Cindy Hyde-Smith,0.497869750456482,-0.3500000000000014,-0.3885472490804911,0.1462601770648433,-1,0,R,0.5255255255255256,psi,3,2.0,21.0,23.0,0.5255255255255256
2018,MOS,senate,MO,31,Claire McCaskill,Josh Hawley,0.47003610108303245,-5.810000000000002,-0.41191702774430805,0.1462601770648433,1,0,D,0.48343685300207045,psi,6,4.0,6.75,0.6666666666666666,0.48343685300207045
2018,MOS,senate,MO,1,Claire McCaskill,Josh Hawley,0.47003610108303245,-5.810000000000002,-0.41191702774430805,0.1462601770648433,1,0,D,0.4898418477624979,lowess,24,8.0,4.733333333333333,1.6428571428571428,0.4854368932038835
2018,MTS,senate,MT,31,Jon Tester,Matt Rosendale,0.5182782411698075,3.549999999999997,-0.4558140909638673,0.1462601770648433,1,0,D,0.5178173719376392,psi,3,2.0,6.333333333333333,5.0,0.5178173719376392
2018,MTS,senate,MT,1,Jon Tester,Matt Rosendale,0.5182782411698075,3.549999999999997,-0.4558140909638673,0.1462601770648433,1,0,D,0.5129058066267662,lowess,15,6.0,6.857142857142857,2.8,0.5128998968008256
2018,NES,senate,NE,31,Jane Raybould,Deb Fischer,0.4009967812272868,-19.07,-0.5775196051600713,0.1462601770648433,-1,0,R,,none,0,0.0,,,
2018,NES,senate,NE,1,Jane Raybould,Deb Fischer,0.4009967812272868,-19.07,-0.5775196051600713,0.1462601770648433,-1,0,R,0.41935483870967744,psi,1,1.0,7.0,0.0,0.41935483870967744
2018,NVS,senate,NV,31,Jacky Rosen,Dean Heller,0.5262553502453283,5.029999999999994,0.0461124828698421,0.1462601770648433,-1,0,R,0.5039637599093998,psi,3,3.0,4.0,7.666666666666667,0.5039637599093998
2018,NVS,senate,NV,1,Jacky Rosen,Dean Heller,0.5262553502453283,5.029999999999994,0.0461124828698421,0.1462601770648433,-1,0,R,0.5073866743797248,lowess,19,9.0,4.818181818181818,5.111111111111111,0.49628055260361326
2018,NJS,senate,NJ,31,Bob Menendez,Bob Hugin,0.5577240809582816,11.18,0.27080871106731785,0.1462601770648433,1,0,D,0.5271794871794871,psi,5,5.0,8.5,3.25,0.5271794871794871
2018,NJS,senate,NJ,1,Bob Menendez,Bob Hugin,0.5577240809582816,11.18,0.27080871106731785,0.1462601770648433,1,0,D,0.5603867651576879,lowess,14,9.0,6.1,2.9,0.5427394438722967
2018,NMS,senate,NM,31,Martin Heinrich,Mick Rich,0.6392105885133538,23.560000000000002,0.18243493497068536,0.1462601770648433,1,0,D,0.782608695652174,psi,1,1.0,26.0,28.0,0.782608695652174
2018,NMS,senate,NM,1,Martin Heinrich,Mick Rich,0.6392105885133538,23.560000000000002,0.18243493497068536,0.1462601770648433,1,0,D,0.6063569682151588,psi,6,6.0,10.0,16.166666666666668,0.6063569682151588
2018,NYS,senate,NY,31,Kirsten Gillibrand,Chele Farley,0.6700020012007204,33.98,0.44634309365787334,0.1462601770648433,1,0,D,0.6777777777777778,psi,1,1.0,9.0,0.0,0.6777777777777778
2018,NYS,senate,NY,1,Kirsten Gillibrand,Chele Farley,0.6700020012007204,33.98,0.44634309365787334,0.1462601770648433,1,0,D,0.6409978308026031,psi,4,3.0,8.25,0.0,0.6409978308026031
2018,NDS,senate,ND,31,Heidi Heitkamp,Kevin Cramer,0.44546186355403505,-10.839999999999996,-0.8419476889165837,0.1462601770648433,1,0,D,0.43897216274089934,psi,2,2.0,5.5,2.0,0.43897216274089934
2018,NDS,senate,ND,1,Heidi Heitkamp,Kevin Cramer,0.44546186355403505,-10.839999999999996,-0.8419476889165837,0.1462601770648433,1,0,D,0.4537313432835821,psi,5,2.0,4.75,2.0,0.4537313432835821
2018,OHS,senate,OH,31,Sherrod Brown,Jim Renacci,0.5341068213642729,6.82,-0.18358283475003304,0.1462601770648433,1,0,D,0.581081081081081,psi,1,1.0,26.0,0.0,0.581081081081081
2018,OHS,senate,OH,1,Sherrod Brown,Jim Renacci,0.5341068213642729,6.82,-0.18358283475003304,0.1462601770648433,1,0,D,0.5609506172872067,lowess,9,7.0,13.5,1.0,0.5532381997804611
2018,PAS,senate,PA,31,Bob Casey Jr.,Lou Barletta,0.5666937779585197,13.120000000000005,-0.027997054709438023,0.1462601770648433,1,0,D,0.5949367088607594,psi,1,1.0,21.0,0.0,0.5949367088607594
2018,PAS,senate,PA,1,Bob Casey Jr.,Lou Barletta,0.5666937779585197,13.120000000000005,-0.027997054709438023,0.1462601770648433,1,0,D,0.5711252653927813,psi,5,5.0,13.0,2.0,0.5711252653927813
2018,RIS,senate,RI,31,Sheldon Whitehouse,Robert Flanders,0.6158163776686378,23.11,0.3270406388923691,0.1462601770648433,1,0,D,0.6333333333333333,psi,1,1.0,6.0,3.0,0.6333333333333333
2018,RIS,senate,RI,1,Sheldon Whitehouse,Robert Flanders,0.6158163776686378,23.11,0.3270406388923691,0.1462601770648433,1,0,D,0.6155555555555555,psi,3,3.0,8.333333333333334,3.0,0.6155555555555555
2018,TNS,senate,TN,31,Phil Bredesen,Marsha Blackburn,0.4453006184730813,-10.79,-0.5638823004228526,0.1462601770648433,0,-1,R,0.48030634573304154,psi,4,3.0,9.333333333333334,2.5,0.48030634573304154
2018,TNS,senate,TN,1,Phil Bredesen,Marsha Blackburn,0.4453006184730813,-10.79,-0.5638823004228526,0.1462601770648433,0,-1,R,0.47782209635050465,lowess,16,12.0,5.666666666666667,1.7777777777777777,0.47222222222222227
2018,TXS,senate,TX,31,Beto O'Rourke,Ted Cruz,0.48709937512598267,-2.5600000000000023,-0.1952409916509899,0.1462601770648433,-1,0,R,0.46994535519125685,psi,2,2.0,6.0,2.5,0.46994535519125685
2018,TXS,senate,TX,1,Beto O'Rourke,Ted Cruz,0.48709937512598267,-2.5600000000000023,-0.1952409916509899,0.1462601770648433,-1,0,R,0.4618335090967736,lowess,16,9.0,3.642857142857143,1.8,0.46331236897274636
2018,UTS,senate,UT,31,Jenny Wilson,Mitt Romney,0.3305882352941176,-31.680000000000003,-0.5043516272138959,0.1462601770648433,0,-1,R,,none,0,0.0,,,
2018,UTS,senate,UT,1,Jenny Wilson,Mitt Romney,0.3305882352941176,-31.680000000000003,-0.5043516272138959,0.1462601770648433,0,-1,R,0.2804878048780488,psi,1,1.0,10.0,8.0,0.2804878048780488
2018,VTS,senate,VT,31,Bernie Sanders (I),Lawrence Zupan,0.7105679064376778,39.97,0.6240608297150825,0.1462601770648433,0,0,I,0.7894736842105263,psi,1,0.0,,0.0,0.7894736842105263
2018,VTS,senate,VT,1,Bernie Sanders (I),Lawrence Zupan,0.7105679064376778,39.97,0.6240608297150825,0.1462601770648433,0,0,I,0.7009544008483563,psi,3,2.0,10.0,7.0,0.7009544008483563
2018,VAS,senate,VA,31,Tim Kaine,Corey Stewart,0.5815733088460362,15.990000000000002,0.0975980093530577,0.1462601770648433,1,0,D,,none,0,0.0,,,
2018,VAS,senate,VA,1,Tim Kaine,Corey Stewart,0.5815733088460362,15.990000000000002,0.0975980093530577,0.1462601770648433,1,0,D,,none,0,0.0,,,
2018,WAS,senate,WA,31,Maria Cantwell,Susan Hutchison,0.5843,16.86,0.35082782112445193,0.1462601770648433,1,0,D,,none,0,0.0,,,
2018,WAS,senate,WA,1,Maria Cantwell,Susan Hutchison,0.5843,16.86,0.35082782112445193,0.1462601770648433,1,0,D,0.5760869565217391,psi,1,1.0,9.0,0.0,0.5760869565217391
2018,WVS,senate,WV,31,Joe Manchin,Patrick Morrisey,0.5172701659188146,3.3100000000000023,-0.9573596650513437,0.1462601770648433,1,0,D,0.5377574370709381,psi,4,1.0,9.333333333333334,4.0,0.5377574370709381
2018,WVS,senate,WV,1,Joe Manchin,Patrick Morrisey,0.5172701659188146,3.3100000000000023,-0.9573596650513437,0.1462601770648433,1,0,D,0.5267174352602728,lowess,11,4.0,8.0,4.777777777777778,0.5263157894736843
2018,WIS,senate,WI,31,Tammy Baldwin,Leah Vukmir,0.554209630593653,10.829999999999998,-0.020720837400197423,0.1462601770648433,1,0,D,0.5732758620689655,psi,2,2.0,5.0,2.5,0.5732758620689655
2018,WIS,senate,WI,1,Tammy Baldwin,Leah Vukmir,0.554209630593653,10.829999999999998,-0.020720837400197423,0.1462601770648433,1,0,D,0.5550710613987831,lowess,8,5.0,4.75,2.6666666666666665,0.5533678756476684
2018,WYS,senate,WY,31,Gary Trauner,John Barrasso,0.31011745312178035,-36.85999999999999,-1.14033221280323,0.1462601770648433,-1,0,R,,none,0,0.0,,,
2018,WYS,senate,WY,1,Gary Trauner,John Barrasso,0.31011745312178035,-36.85999999999999,-1.14033221280323,0.1462601770648433,-1,0,R,0.34065934065934067,psi,1,1.0,,6.0,0.34065934065934067
2022,ALG,governor,AL,31,Yolanda Flowers,Kay Ivey,0.3036736392964929,-37.73,-0.6192277722697133,-0.050010420574661305,-1,0,R,,none,0,0.0,,,
2022,ALG,governor,AL,1,Yolanda Flowers,Kay Ivey,0.3036736392964929,-37.73,-0.6192277722697133,-0.050010420574661305,-1,0,R,0.29411764705882354,psi,1,0.0,,5.0,0.29411764705882354
2022,AKG,governor,AK,31,Les Gara,Mike Dunleavy,0.32496644295302013,-26.08,-0.30421474999759135,-0.050010420574661305,-1,0,R,0.39436619718309857,psi,1,1.0,,28.0,0.39436619718309857
2022,AKG,governor,AK,1,Les Gara,Mike Dunleavy,0.32496644295302013,-26.08,-0.30421474999759135,-0.050010420574661305,-1,0,R,0.3472222222222222,psi,2,2.0,,27.5,0.3472222222222222
2022,AZG,governor,AZ,31,Katie Hobbs,Kari Lake,0.5033510053015905,0.6700000000000017,-0.0845674556899032,-0.050010420574661305,0,-1,R,0.4889357218124341,psi,5,4.0,5.5,4.0,0.4889357218124341
2022,AZG,governor,AZ,1,Katie Hobbs,Kari Lake,0.5033510053015905,0.6700000000000017,-0.0845674556899032,-0.050010420574661305,0,-1,R,0.48310393419964426,lowess,36,14.0,4.354838709677419,2.5,0.4819773429454171
2022,ARG,governor,AR,31,Chris Jones,Sarah Huckabee Sanders,0.358598207008965,-27.759999999999998,-0.6754370653227643,-0.050010420574661305,0,-1,R,,none,0,0.0,,,
2022,ARG,governor,AR,1,Chris Jones,Sarah Huckabee Sanders,0.358598207008965,-27.759999999999998,-0.6754370653227643,-0.050010420574661305,0,-1,R,0.4220489977728285,psi,2,2.0,7.0,3.5,0.4220489977728285
2022,CAG,governor,CA,31,Gavin Newsom,Brian Dahle,0.5918,18.36,0.5242311418398322,-0.050010420574661305,1,0,D,0.6235294117647059,psi,1,1.0,13.0,2.0,0.6235294117647059
2022,CAG,governor,CA,1,Gavin Newsom,Brian Dahle,0.5918,18.36,0.5242311418398322,-0.050010420574661305,1,0,D,0.6116910229645094,psi,7,6.0,7.5,4.333333333333333,0.6116910229645094
2022,COG,governor,CO,31,Jared Polis,Heidi Ganahl,0.5990175007675775,19.35,0.18849430603515605,-0.050010420574661305,1,0,D,0.5695364238410596,psi,4,2.0,6.25,3.0,0.5695364238410596
2022,COG,governor,CO,1,Jared Polis,Heidi Ganahl,0.5990175007675775,19.35,0.18849430603515605,-0.050010420574661305,1,0,D,0.5584441406267282,lowess,12,5.0,4.7,3.4166666666666665,0.5576719576719577
2022,CTG,governor,CT,31,Ned Lamont,Bob Stefanowski,0.5652393455867502,12.920000000000002,0.3218155552841961,-0.050010420574661305,1,0,D,,none,0,0.0,,,
2022,CTG,governor,CT,1,Ned Lamont,Bob Stefanowski,0.5652393455867502,12.920000000000002,0.3218155552841961,-0.050010420574661305,1,0,D,0.5599999999999999,psi,6,4.0,7.166666666666667,4.166666666666667,0.5599999999999999
2022,FLG,governor,FL,31,Charlie Crist,Ron DeSantis,0.4023555466076102,-19.4,-0.15865690869403207,-0.050010420574661305,-1,0,R,0.4566410537870472,psi,3,2.0,6.666666666666667,1.5,0.4566410537870472
2022,FLG,governor,FL,1,Charlie Crist,Ron DeSantis,0.4023555466076102,-19.4,-0.15865690869403207,-0.050010420574661305,-1,0,R,0.44255224345579336,lowess,22,11.0,4.764705882352941,2.1818181818181817,0.4429460580912863
2022,GAG,governor,GA,31,Stacey Abrams,Brian Kemp,0.4620807734917918,-7.529999999999994,-0.08606754784952239,-0.050010420574661305,-1,0,R,0.4728033472803348,psi,5,4.0,4.0,2.4,0.4728033472803348
2022,GAG,governor,GA,1,Stacey Abrams,Brian Kemp,0.4620807734917918,-7.529999999999994,-0.08606754784952239,-0.050010420574661305,-1,0,R,0.46441231530362725,lowess,34,15.0,3.0,1.90625,0.46343975283213185
2022,HIG,governor,HI,31,Josh Green,Duke Aiona,0.6315999999999999,26.319999999999993,0.5296345831613314,-0.050010420574661305,0,1,D,,none,0,0.0,,,
2022,HIG,governor,HI,1,Josh Green,Duke Aiona,0.6315999999999999,26.319999999999993,0.5296345831613314,-0.050010420574661305,0,1,D,,none,0,0.0,,,
2022,IDG,governor,ID,31,Stephen Heidt,Brad Little,0.25102116598588936,-40.23,-0.7486630200704985,-0.050010420574661305,-1,0,R,,none,0,0.0,,,
2022,IDG,governor,ID,1,Stephen Heidt,Brad Little,0.25102116598588936,-40.23,-0.7486630200704985,-0.050010420574661305,-1,0,R,,none,0,0.0,,,
2022,ILG,governor,IL,31,JB Pritzker,Darren Bailey,0.564453125,12.54,0.2590473323748928,-0.050010420574661305,1,0,D,0.5263157894736842,psi,1,0.0,5.0,0.0,0.5263157894736842
2022,ILG,governor,IL,1,JB Pritzker,Darren Bailey,0.564453125,12.54,0.2590473323748928,-0.050010420574661305,1,0,D,0.5544159922079248,lowess,9,5.0,6.375,5.25,0.5591397849462365
2022,IAG,governor,IA,31,Deidre DeJear,Kim Reynolds,0.40514502408527214,-18.509999999999998,-0.2585633458108484,-0.050010420574661305,-1,0,R,0.3978494623655914,psi,2,1.0,6.0,3.0,0.3978494623655914
2022,IAG,governor,IA,1,Deidre DeJear,Kim Reynolds,0.40514502408527214,-18.509999999999998,-0.2585633458108484,-0.050010420574661305,-1,0,R,0.4084656084656085,psi,7,3.0,4.285714285714286,4.75,0.4084656084656085
2022,KSG,governor,KS,31,Laura Kelly,Derek Schmidt,0.5114070403633736,2.210000000000001,-0.3960988775143976,-0.050010420574661305,1,0,D,,none,0,0.0,,,
2022,KSG,governor,KS,1,Laura Kelly,Derek Schmidt,0.5114070403633736,2.210000000000001,-0.3960988775143976,-0.050010420574661305,1,0,D,0.5164585698070375,psi,2,1.0,11.0,7.0,0.5164585698070375
2022,MEG,governor,ME,31,Janet Mills,Paul LePage,0.5674546566130018,13.239999999999995,0.08822042417106672,-0.050010420574661305,1,0,D,,none,0,0.0,,,
2022,MEG,governor,ME,1,Janet Mills,Paul LePage,0.5674546566130018,13.239999999999995,0.08822042417106672,-0.050010420574661305,1,0,D,0.5384615384615384,psi,4,4.0,5.25,2.25,0.5384615384615384
2022,MDG,governor,MD,31,Wes Moore,Dan Cox,0.6676668391101914,32.410000000000004,0.6186583597256929,-0.050010420574661305,0,-1,R,,none,0,0.0,,,
2022,MDG,governor,MD,1,Wes Moore,Dan Cox,0.6676668391101914,32.410000000000004,0.6186583597256929,-0.050010420574661305,0,-1,R,,none,0,0.0,,,
2022,MAG,governor,MA,31,Maura Healey,Geoff Diehl,0.6483572373105483,29.17,0.6225750948686972,-0.050010420574661305,0,-1,R,,none,0,0.0,,,
2022,MAG,governor,MA,1,Maura Healey,Geoff Diehl,0.6483572373105483,29.17,0.6225750948686972,-0.050010420574661305,0,-1,R,,none,0,0.0,,,
2022,MIG,governor,MI,31,Gretchen Whitmer,Tudor Dixon,0.5535006605019815,10.530000000000001,-0.03428329840439463,-0.050010420574661305,1,0,D,0.533195020746888,psi,3,2.0,5.0,6.5,0.533195020746888
2022,MIG,governor,MI,1,Gretchen Whitmer,Tudor Dixon,0.5535006605019815,10.530000000000001,-0.03428329840439463,-0.050010420574661305,1,0,D,0.4979698139741522,lowess,28,7.0,3.5,3.0,0.514047866805411
2022,MNG,governor,MN,31,Tim Walz,Scott Jensen,0.5395334434351776,7.660000000000004,0.05499773881746754,-0.050010420574661305,1,0,D,0.5368536853685368,psi,2,1.0,5.9,3.7,0.5368536853685368
2022,MNG,governor,MN,1,Tim Walz,Scott Jensen,0.5395334434351776,7.660000000000004,0.05499773881746754,-0.050010420574661305,1,0,D,0.5167930660888407,psi,6,3.0,5.14,3.65,0.5167930660888407
2022,NEG,governor,NE,31,Carol Blood,Jim Pillen,0.3779411764705882,-23.240000000000002,-0.4873160567389442,-0.050010420574661305,0,-1,R,0.4606741573033708,psi,1,0.0,11.0,0.0,0.4606741573033708
2022,NEG,governor,NE,1,Carol Blood,Jim Pillen,0.3779411764705882,-23.240000000000002,-0.4873160567389442,-0.050010420574661305,0,-1,R,0.4606741573033708,psi,1,0.0,11.0,0.0,0.4606741573033708
2022,NVG,governor,NV,31,Steve Sisolak,Joe Lombardo,0.49214441785454166,-1.5100000000000051,-0.0419062873710706,-0.050010420574661305,1,0,D,0.4879725085910652,psi,3,3.0,6.0,7.0,0.4879725085910652
2022,NVG,governor,NV,1,Steve Sisolak,Joe Lombardo,0.49214441785454166,-1.5100000000000051,-0.0419062873710706,-0.050010420574661305,1,0,D,0.4841043582863698,lowess,23,11.0,5.4,4.894736842105263,0.4833869239013933
2022,NHG,governor,NH,31,Tom Sherman,Chris Sununu,0.42122905027932966,-15.509999999999998,0.05937499478482493,-0.050010420574661305,-1,0,R,0.42295430393198724,psi,4,3.0,6.75,3.5,0.42295430393198724
2022,NHG,governor,NH,1,Tom Sherman,Chris Sununu,0.42122905027932966,-15.509999999999998,0.05937499478482493,-0.050010420574661305,-1,0,R,0.40353964882435767,lowess,17,8.0,5.066666666666666,3.6666666666666665,0.4144805876180483
2022,NMG,governor,NM,31,Michelle Lujan Grisham,Mark Ronchetti,0.5326978269782697,6.3799999999999955,0.130801783929828,-0.050010420574661305,1,0,D,0.5611111111111111,psi,3,1.0,6.0,5.0,0.5611111111111111
2022,NMG,governor,NM,1,Michelle Lujan Grisham,Mark Ronchetti,0.5326978269782697,6.3799999999999955,0.130801783929828,-0.050010420574661305,1,0,D,0.5236051502145923,psi,7,3.0,5.571428571428571,4.142857142857143,0.5236051502145923
2022,NYG,governor,NY,31,Kathy Hochul,Lee Zeldin,0.5319979969954932,6.390000000000001,0.38751920356885267,-0.050010420574661305,1,0,D,,none,0,0.0,,,
2022,NYG,governor,NY,1,Kathy Hochul,Lee Zeldin,0.5319979969954932,6.390000000000001,0.38751920356885267,-0.050010420574661305,1,0,D,,none,0,0.0,,,
2022,OHG,governor,OH,31,Nan Whaley,Mike DeWine,0.37458663192704683,-25.029999999999994,-0.2542714443288365,-0.050010420574661305,-1,0,R,0.4091428571428571,psi,2,1.0,8.0,6.0,0.4091428571428571
2022,OHG,governor,OH,1,Nan Whaley,Mike DeWine,0.37458663192704683,-25.029999999999994,-0.2542714443288365,-0.050010420574661305,-1,0,R,0.3936456554680473,lowess,25,9.0,7.0,3.5,0.38461538461538464
2022,OKG,governor,OK,31,Joy Hofmeister,Kevin Stitt,0.42976141505553267,-13.660000000000004,-0.7963151315573792,-0.050010420574661305,-1,0,R,,none,0,0.0,,,
2022,OKG,governor,OK,1,Joy Hofmeister,Kevin Stitt,0.42976141505553267,-13.660000000000004,-0.7963151315573792,-0.050010420574661305,-1,0,R,0.4611048478015784,psi,6,2.0,5.2,4.25,0.4611048478015784
2022,ORG,governor,OR,31,Tina Kotek,Christine Drazan,0.5188950276243094,3.4200000000000017,0.24455461999365063,-0.050010420574661305,0,1,D,0.4848484848484848,psi,3,2.0,10.666666666666666,20.333333333333332,0.4848484848484848
2022,ORG,governor,OR,1,Tina Kotek,Christine Drazan,0.5188950276243094,3.4200000000000017,0.24455461999365063,-0.050010420574661305,0,1,D,0.5226439711088947,lowess,14,4.0,7.0,13.285714285714286,0.5054151624548737
2022,PAG,governor,PA,31,Josh Shapiro,Doug Mastriano,0.575254582484725,14.780000000000001,-0.06695608101645699,-0.050010420574661305,0,1,D,,none,0,0.0,,,
2022,PAG,governor,PA,1,Josh Shapiro,Doug Mastriano,0.575254582484725,14.780000000000001,-0.06695608101645699,-0.050010420574661305,0,1,D,,none,0,0.0,,,
2022,RIG,governor,RI,31,Dan McKee,Ashley Kalus,0.5984707584211614,19.060000000000002,0.33592836340022364,-0.050010420574661305,1,0,D,0.5647348951911221,psi,2,2.0,14.5,5.5,0.5647348951911221
2022,RIG,governor,RI,1,Dan McKee,Ashley Kalus,0.5984707584211614,19.060000000000002,0.33592836340022364,-0.050010420574661305,1,0,D,0.5640394088669951,psi,2,2.0,14.5,5.5,0.5640394088669951
2022,SCG,governor,SC,31,Joe Cunningham,Henry McMaster,0.4120149934150542,-17.369999999999997,-0.32902478924437784,-0.050010420574661305,-1,0,R,,none,0,0.0,,,
2022,SCG,governor,SC,1,Joe Cunningham,Henry McMaster,0.4120149934150542,-17.369999999999997,-0.32902478924437784,-0.050010420574661305,-1,0,R,,none,0,0.0,,,
2022,SDG,governor,SD,31,Jamie Smith,Kristi Noem,0.3620174987133299,-26.809999999999995,-0.6417555135471855,-0.050010420574661305,-1,0,R,,none,0,0.0,,,
2022,SDG,governor,SD,1,Jamie Smith,Kristi Noem,0.3620174987133299,-26.809999999999995,-0.6417555135471855,-0.050010420574661305,-1,0,R,0.3982777179763186,psi,2,2.0,9.0,3.0,0.3982777179763186
2022,TNG,governor,TN,31,Jason Martin,Bill Lee,0.3365020954717367,-31.989999999999995,-0.5730850875831281,-0.050010420574661305,-1,0,R,,none,0,0.0,,,
2022,TNG,governor,TN,1,Jason Martin,Bill Lee,0.3365020954717367,-31.989999999999995,-0.5730850875831281,-0.050010420574661305,-1,0,R,,none,0,0.0,,,
2022,TXG,governor,TX,31,Beto ORourke,Greg Abbott,0.44478247642226953,-10.89,-0.2041907995212972,-0.050010420574661305,-1,0,R,0.46224489795918366,psi,2,2.0,4.0,1.5,0.46224489795918366
2022,TXG,governor,TX,1,Beto ORourke,Greg Abbott,0.44478247642226953,-10.89,-0.2041907995212972,-0.050010420574661305,-1,0,R,0.44145904416193377,lowess,10,8.0,3.375,2.5555555555555554,0.45464247598719315
2022,VTG,governor,VT,31,Brenda Siegel,Phil Scott,0.2523985239852399,-46.97,0.6767147718137734,-0.050010420574661305,-1,0,R,0.3924050632911392,psi,1,1.0,13.0,9.0,0.3924050632911392
2022,VTG,governor,VT,1,Brenda Siegel,Phil Scott,0.2523985239852399,-46.97,0.6767147718137734,-0.050010420574661305,-1,0,R,0.2857142857142857,psi,2,1.0,9.5,7.0,0.2857142857142857
2022,WIG,governor,WI,31,Tony Evers,Tim Michels,0.5171890798786652,3.3999999999999986,-0.07812248123919698,-0.050010420574661305,1,0,D,0.4881808838643371,psi,4,3.0,3.0,1.0,0.4881808838643371
2022,WIG,governor,WI,1,Tony Evers,Tim Michels,0.5171890798786652,3.3999999999999986,-0.07812248123919698,-0.050010420574661305,1,0,D,0.5033493634703441,lowess,17,11.0,2.857142857142857,2.0714285714285716,0.49017580144777667
2022,WYG,governor,WY,31,Theresa Livingston,Mark Gordon,0.17599288018689513,-58.24999999999999,-1.0592601692416905,-0.050010420574661305,-1,0,R,,none,0,0.0,,,
2022,WYG,governor,WY,1,Theresa Livingston,Mark Gordon,0.17599288018689513,-58.24999999999999,-1.0592601692416905,-0.050010420574661305,-1,0,R,,none,0,0.0,,,
2022,ALS,senate,AL,31,Will Boyd,Katie Britt,0.3167179487179487,-35.74000000000001,-0.6192277722697133,-0.050010420574661305,0,-1,R,,none,0,0.0,,,
2022,ALS,senate,AL,1,Will Boyd,Katie Britt,0.3167179487179487,-35.74000000000001,-0.6192277722697133,-0.050010420574661305,0,-1,R,0.32941176470588235,psi,1,0.0,,6.0,0.32941176470588235
2022,AZS,senate,AZ,31,Mark Kelly,Blake Masters,0.524923391215526,4.880000000000003,-0.0845674556899032,-0.050010420574661305,1,0,D,0.5243362831858407,psi,6,5.0,6.2,5.8,0.5243362831858407
2022,AZS,senate,AZ,1,Mark Kelly,Blake Masters,0.524923391215526,4.880000000000003,-0.0845674556899032,-0.050010420574661305,1,0,D,0.5026166792947396,lowess,38,13.0,4.647058823529412,3.411764705882353,0.5026232948583421
2022,ARS,senate,AR,31,Natalie James,John Boozman,0.3211113406321008,-34.64,-0.6754370653227643,-0.050010420574661305,-1,0,R,,none,0,0.0,,,
2022,ARS,senate,AR,1,Natalie James,John Boozman,0.3211113406321008,-34.64,-0.6754370653227643,-0.050010420574661305,-1,0,R,,none,0,0.0,,,
2022,CAS,senate,CA,31,Alex Padilla,Mark Meuser,0.6106,22.120000000000005,0.5242311418398322,-0.050010420574661305,1,0,D,,none,0,0.0,,,
2022,CAS,senate,CA,1,Alex Padilla,Mark Meuser,0.6106,22.120000000000005,0.5242311418398322,-0.050010420574661305,1,0,D,0.6361788617886178,psi,4,4.0,8.0,0.0,0.6361788617886178
2022,COS,senate,CO,31,Michael Bennet,Joe O'Dea,0.5752522133003912,14.620000000000005,0.18849430603515605,-0.050010420574661305,1,0,D,0.5287610619469026,psi,5,2.0,8.0,3.3333333333333335,0.5287610619469026
2022,COS,senate,CO,1,Michael Bennet,Joe O'Dea,0.5752522133003912,14.620000000000005,0.18849430603515605,-0.050010420574661305,1,0,D,0.5383405259344423,lowess,13,5.0,6.454545454545454,3.272727272727273,0.5284030010718114
2022,CTS,senate,CT,31,Richard Blumenthal,Leora Levy,0.5745574557455745,14.910000000000004,0.3218155552841961,-0.050010420574661305,1,0,D,,none,0,0.0,,,
2022,CTS,senate,CT,1,Richard Blumenthal,Leora Levy,0.5745574557455745,14.910000000000004,0.3218155552841961,-0.050010420574661305,1,0,D,0.5552016985138004,psi,4,3.0,7.0,4.0,0.5552016985138004
2022,FLS,senate,FL,31,Val Demings,Marco Rubio,0.4170793329964629,-16.409999999999997,-0.15865690869403207,-0.050010420574661305,-1,0,R,0.4617117117117117,psi,2,2.0,9.5,2.0,0.4617117117117117
2022,FLS,senate,FL,1,Val Demings,Marco Rubio,0.4170793329964629,-16.409999999999997,-0.15865690869403207,-0.050010420574661305,-1,0,R,0.44303649042636867,lowess,14,8.0,5.0,2.2,0.4594594594594595
2022,GAS,senate,GA,31,Raphael Warnock,Herschel Walker,0.5048504033493311,0.9499999999999957,-0.08606754784952239,-0.050010420574661305,1,0,D,0.517353579175705,psi,5,4.0,5.8,4.2,0.517353579175705
2022,GAS,senate,GA,1,Raphael Warnock,Herschel Walker,0.5048504033493311,0.9499999999999957,-0.08606754784952239,-0.050010420574661305,1,0,D,0.4893303296024926,lowess,38,14.0,4.064516129032258,3.1578947368421053,0.4937106918238994
2022,HIS,senate,HI,31,Brian Schatz,Bob McDermott,0.7322365038560411,45.169999999999995,0.5296345831613314,-0.050010420574661305,1,0,D,,none,0,0.0,,,
2022,HIS,senate,HI,1,Brian Schatz,Bob McDermott,0.7322365038560411,45.169999999999995,0.5296345831613314,-0.050010420574661305,1,0,D,,none,0,0.0,,,
2022,IDS,senate,ID,31,David Roth,Mike Crapo,0.32140460747036453,-31.94,-0.7486630200704985,-0.050010420574661305,-1,0,R,,none,0,0.0,,,
2022,IDS,senate,ID,1,David Roth,Mike Crapo,0.32140460747036453,-31.94,-0.7486630200704985,-0.050010420574661305,-1,0,R,,none,0,0.0,,,
2022,ILS,senate,IL,31,Tammy Duckworth,Kathy Salvi,0.5779088689991864,15.32,0.2590473323748928,-0.050010420574661305,1,0,D,,none,0,0.0,,,
2022,ILS,senate,IL,1,Tammy Duckworth,Kathy Salvi,0.5779088689991864,15.32,0.2590473323748928,-0.050010420574661305,1,0,D,0.5717439293598234,psi,5,4.0,7.6,4.4,0.5717439293598234
2022,INS,senate,IN,31,Thomas McDermott Jr.,Todd Young,0.3924759042387812,-20.75,-0.4217551443098378,-0.050010420574661305,-1,0,R,0.4868421052631579,psi,1,1.0,17.0,6.0,0.4868421052631579
2022,INS,senate,IN,1,Thomas McDermott Jr.,Todd Young,0.3924759042387812,-20.75,-0.4217551443098378,-0.050010420574661305,-1,0,R,0.44680851063829785,psi,2,2.0,10.5,7.5,0.44680851063829785
2022,IAS,senate,IA,31,Michael Franken,Chuck Grassley,0.4390585878818228,-12.169999999999995,-0.2585633458108484,-0.050010420574661305,-1,0,R,0.43288590604026844,psi,2,1.0,7.5,4.0,0.43288590604026844
2022,IAS,senate,IA,1,Michael Franken,Chuck Grassley,0.4390585878818228,-12.169999999999995,-0.2585633458108484,-0.050010420574661305,-1,0,R,0.43593681245937593,lowess,8,3.0,4.375,4.75,0.44303797468354433
2022,KSS,senate,KS,31,Mark Holland,Jerry Moran,0.38169826875515256,-22.96,-0.3960988775143976,-0.050010420574661305,-1,0,R,,none,0,0.0,,,
2022,KSS,senate,KS,1,Mark Holland,Jerry Moran,0.38169826875515256,-22.96,-0.3960988775143976,-0.050010420574661305,-1,0,R,0.3793103448275862,psi,1,1.0,8.0,5.0,0.3793103448275862
2022,KYS,senate,KY,31,Charles Booker,Rand Paul,0.38193819381938193,-23.61,-0.6316516237803409,-0.050010420574661305,-1,0,R,,none,0,0.0,,,
2022,KYS,senate,KY,1,Charles Booker,Rand Paul,0.38193819381938193,-23.61,-0.6316516237803409,-0.050010420574661305,-1,0,R,,none,0,0.0,,,
2022,MDS,senate,MD,31,Chris Van Hollen,Chris Chaffee,0.6587540064102564,31.699999999999996,0.6186583597256929,-0.050010420574661305,1,0,D,,none,0,0.0,,,
2022,MDS,senate,MD,1,Chris Van Hollen,Chris Chaffee,0.6587540064102564,31.699999999999996,0.6186583597256929,-0.050010420574661305,1,0,D,,none,0,0.0,,,
2022,MOS,senate,MO,31,Trudy Busch Valentine,Eric Schmitt,0.43212785575248436,-13.25,-0.4068780313374699,-0.050010420574661305,0,-1,R,0.4367816091954023,psi,1,1.0,10.0,3.0,0.4367816091954023
2022,MOS,senate,MO,1,Trudy Busch Valentine,Eric Schmitt,0.43212785575248436,-13.25,-0.4068780313374699,-0.050010420574661305,0,-1,R,0.43749999999999994,psi,6,3.0,4.8,3.3333333333333335,0.43749999999999994
2022,NVS,senate,NV,31,Catherine Cortez Masto,Adam Laxalt,0.5039752194114611,0.7700000000000031,-0.0419062873710706,-0.050010420574661305,1,0,D,0.4977678571428572,psi,4,3.0,7.333333333333333,3.0,0.4977678571428572
2022,NVS,senate,NV,1,Catherine Cortez Masto,Adam Laxalt,0.5039752194114611,0.7700000000000031,-0.0419062873710706,-0.050010420574661305,1,0,D,0.48155140642098093,lowess,25,11.0,5.476190476190476,3.0833333333333335,0.4814027630180659
2022,NHS,senate,NH,31,Maggie Hassan,Don Bolduc,0.5467170427856631,9.149999999999999,0.05937499478482493,-0.050010420574661305,1,0,D,0.5265392781316348,psi,5,3.0,3.8,3.2,0.5265392781316348
2022,NHS,senate,NH,1,Maggie Hassan,Don Bolduc,0.5467170427856631,9.149999999999999,0.05937499478482493,-0.050010420574661305,1,0,D,0.5117298063379335,lowess,19,7.0,3.764705882352941,2.6666666666666665,0.5073375262054507
2022,NYS,senate,NY,31,Chuck Schumer,Joe Pinion,0.5704232431889013,14.010000000000005,0.38751920356885267,-0.050010420574661305,1,0,D,0.5802197802197802,psi,2,2.0,8.0,1.0,0.5802197802197802
2022,NYS,senate,NY,1,Chuck Schumer,Joe Pinion,0.5704232431889013,14.010000000000005,0.38751920356885267,-0.050010420574661305,1,0,D,0.5955739853579533,lowess,14,8.0,6.0,3.090909090909091,0.5842217484008528
2022,NCS,senate,NC,31,Cheri Beasley,Ted Budd,0.4834816405850465,-3.229999999999997,-0.11820975305314733,-0.050010420574661305,0,-1,R,0.49652777777777773,psi,3,1.0,10.666666666666666,2.0,0.49652777777777773
2022,NCS,senate,NC,1,Cheri Beasley,Ted Budd,0.4834816405850465,-3.229999999999997,-0.11820975305314733,-0.050010420574661305,0,-1,R,0.468282784727406,lowess,16,8.0,6.153846153846154,2.6666666666666665,0.47368421052631576
2022,NDS,senate,ND,31,Katrina Christiansen,John Hoeven,0.3069173117090552,-31.429999999999996,-0.8088753814260792,-0.050010420574661305,-1,0,R,,none,0,0.0,,,
2022,NDS,senate,ND,1,Katrina Christiansen,John Hoeven,0.3069173117090552,-31.429999999999996,-0.8088753814260792,-0.050010420574661305,-1,0,R,,none,0,0.0,,,
2022,OHS,senate,OH,31,Tim Ryan,JD Vance,0.46943471735867937,-6.109999999999999,-0.2542714443288365,-0.050010420574661305,0,-1,R,,none,0,0.0,,,
2022,OHS,senate,OH,1,Tim Ryan,JD Vance,0.46943471735867937,-6.109999999999999,-0.2542714443288365,-0.050010420574661305,0,-1,R,,none,0,0.0,,,
2022,OKS,senate,OK,31,Madison Horn,James Lankford,0.3329875518672199,-32.199999999999996,-0.7963151315573792,-0.050010420574661305,-1,0,R,0.43478260869565216,psi,1,1.0,6.0,2.0,0.43478260869565216
2022,OKS,senate,OK,1,Madison Horn,James Lankford,0.3329875518672199,-32.199999999999996,-0.7963151315573792,-0.050010420574661305,-1,0,R,0.36666666666666664,psi,7,2.0,6.142857142857143,4.285714285714286,0.36666666666666664
2022,OKS2,senate,OK,31,Kendra Horn,Markwayne Mullin,0.3632615194309865,-26.53,-0.7963151315573792,-0.050010420574661305,0,-1,R,0.45161290322580644,psi,1,1.0,4.0,3.0,0.45161290322580644
2022,OKS2,senate,OK,1,Kendra Horn,Markwayne Mullin,0.3632615194309865,-26.53,-0.7963151315573792,-0.050010420574661305,0,-1,R,0.38571428571428573,psi,7,2.0,5.142857142857143,3.4285714285714284,0.38571428571428573
2022,ORS,senate,OR,31,Ron Wyden,Jo Rae Perkins,0.5770542635658914,14.909999999999997,0.24455461999365063,-0.050010420574661305,1,0,D,0.6144578313253012,psi,1,1.0,9.0,8.0,0.6144578313253012
2022,ORS,senate,OR,1,Ron Wyden,Jo Rae Perkins,0.5770542635658914,14.909999999999997,0.24455461999365063,-0.050010420574661305,1,0,D,0.5836956521739131,psi,5,2.0,6.5,5.0,0.5836956521739131
2022,PAS,senate,PA,31,John Fetterman,Mehmet Oz,0.5251436781609196,4.899999999999999,-0.06695608101645699,-0.050010420574661305,0,-1,R,,none,0,0.0,,,
2022,PAS,senate,PA,1,John Fetterman,Mehmet Oz,0.5251436781609196,4.899999999999999,-0.06695608101645699,-0.050010420574661305,0,-1,R,,none,0,0.0,,,
2022,SCS,senate,SC,31,Krystle Matthews,Tim Scott,0.37050755831414556,-25.870000000000005,-0.32902478924437784,-0.050010420574661305,-1,0,R,,none,0,0.0,,,
2022,SCS,senate,SC,1,Krystle Matthews,Tim Scott,0.37050755831414556,-25.870000000000005,-0.32902478924437784,-0.050010420574661305,-1,0,R,,none,0,0.0,,,
2022,SDS,senate,SD,31,Brian Bengs,John Thune,0.2730215076216329,-43.48,-0.6417555135471855,-0.050010420574661305,-1,0,R,,none,0,0.0,,,
2022,SDS,senate,SD,1,Brian Bengs,John Thune,0.2730215076216329,-43.48,-0.6417555135471855,-0.050010420574661305,-1,0,R,0.345679012345679,psi,1,1.0,20.0,0.0,0.345679012345679
2022,UTS,senate,UT,31,Evan McMullin,Mike Lee,0.4457190530816561,-10.409999999999997,-0.5252918585667009,-0.050010420574661305,-1,0,R,0.42911392405063287,psi,2,2.0,14.0,6.5,0.42911392405063287
2022,UTS,senate,UT,1,Evan McMullin,Mike Lee,0.4457190530816561,-10.409999999999997,-0.5252918585667009,-0.050010420574661305,-1,0,R,0.4391353811149033,psi,7,5.0,9.5,6.0,0.4391353811149033
2022,VTS,senate,VT,31,Peter Welch,Gerald Malloy,0.7095336787564767,40.44,0.6767147718137734,-0.050010420574661305,0,1,D,0.6888888888888889,psi,1,1.0,8.0,2.0,0.6888888888888889
2022,VTS,senate,VT,1,Peter Welch,Gerald Malloy,0.7095336787564767,40.44,0.6767147718137734,-0.050010420574661305,0,1,D,0.6645569620253164,psi,2,1.0,6.0,2.0,0.6645569620253164
2022,WAS,senate,WA,31,Patty Murray,Tiffany Smiley,0.5727600721587492,14.519999999999996,0.31152129142652896,-0.050010420574661305,1,0,D,0.5212765957446809,psi,5,2.0,6.8,5.0,0.5212765957446809
2022,WAS,senate,WA,1,Patty Murray,Tiffany Smiley,0.5727600721587492,14.519999999999996,0.31152129142652896,-0.050010420574661305,1,0,D,0.5011842460518903,lowess,15,5.0,6.0,4.0,0.509926854754441
2022,WIS,senate,WI,31,Mandela Barnes,Ron Johnson,0.49499098377078743,-1.0,-0.07812248123919698,-0.050010420574661305,-1,0,R,0.47785787847579814,psi,4,3.0,4.25,3.0,0.47785787847579814
2022,WIS,senate,WI,1,Mandela Barnes,Ron Johnson,0.49499098377078743,-1.0,-0.07812248123919698,-0.050010420574661305,-1,0,R,0.4806425354388516,lowess,19,10.0,3.588235294117647,2.0,0.4793814432989691
