race,candidate,party,metric,favorable,unfavorable,pollster,end_date,n,pop,source_url,end
AK,Dan Sullivan,R,fav,39.3,50.6,Alaska Survey Research,2026-01-11,2132.0,A,https://thealaskacurrent.com/?p=23596,2026-01-11
AK,Dan Sullivan,R,approval,36.0,44.6,Alaska Survey Research,2026-01-11,2132.0,A,https://thealaskacurrent.com/?p=23596,2026-01-11
AK,Dan Sullivan,R,fav,47.0,50.0,Aspect Strategic (Sullivan Q1 2026 survey memo),2026-01-27,800.0,LV,https://thealaskacurrent.com/wp-content/uploads/2026/02/Sullivan-Q1-2026-Survey-Memo-1.pdf,2026-01-27
AK,Mary Peltola,D,fav,46.3,40.8,Alaska Survey Research,2026-01-11,2132.0,A,https://thealaskacurrent.com/?p=23596,2026-01-11
AK,Mary Peltola,D,fav,49.0,,Data for Progress (unfavorable not published in source),2026-08-04,605.0,LV,https://dataforprogress.org/blog/2026/8/17/as-alaskas-affordability-crisis-deepens-peltola-leads-in-senate-race,2026-08-04
AKG,Jonathan Kreiss-Tomkins,D,fav,30.0,,Data for Progress (unfavorable not published in source; net reported as +5),2026-08-04,605.0,LV,https://dataforprogress.org/blog/2026/8/17/as-alaskas-affordability-crisis-deepens-peltola-leads-in-senate-race,2026-08-04
AZG,Katie Hobbs,D,fav,44.0,40.0,Emerson College,2025-11-10,850.0,RV,https://emersoncollegepolling.com/arizona-2026-governor/,2025-11-10
AZG,Katie Hobbs,D,approval,39.0,40.0,Emerson College,2025-11-10,850.0,RV,https://emersoncollegepolling.com/arizona-2026-governor/,2025-11-10
AZG,Andy Biggs,R,fav,35.0,33.0,Emerson College,2025-11-10,850.0,RV,https://emersoncollegepolling.com/arizona-2026-governor/,2025-11-10
CAG,Xavier Becerra,D,fav,48.0,40.0,Berkeley IGS,2026-09-20,4512.0,LV,https://escholarship.org/content/qt08s5x10r/qt08s5x10r.pdf,2026-09-20
CAG,Xavier Becerra,D,fav,44.0,38.0,Berkeley IGS (likely primary voters),2026-05-24,3513.0,LV,https://escholarship.org/content/qt4p03f9rh/qt4p03f9rh.pdf,2026-05-24
CAG,Steve Hilton,R,fav,35.0,51.0,Berkeley IGS,2026-09-20,4512.0,LV,https://escholarship.org/content/qt08s5x10r/qt08s5x10r.pdf,2026-09-20
CAG,Steve Hilton,R,fav,31.0,38.0,Berkeley IGS (likely primary voters),2026-05-24,3513.0,LV,https://escholarship.org/content/qt4p03f9rh/qt4p03f9rh.pdf,2026-05-24
CO,John Hickenlooper,D,fav,43.0,,Colorado Polling Institute (unfavorable not published in source),2026-03-25,613.0,LV,https://www.cpr.org/2026/04/08/colorado-voters-pessimistic-new-poll/,2026-03-25
COG,Phil Weiser,D,fav,26.0,23.0,Colorado Polling Institute (New Bridge Strategy R and Aspect Strategic D),2026-03-25,613.0,LV,https://www.kunc.org/politics/2026-04-14/a-third-of-colorado-voters-have-still-never-heard-of-phil-weiser-poll-shows,2026-03-25
CTG,Ned Lamont,D,fav,50.0,36.0,Quinnipiac University,2026-09-14,1288.0,LV,https://www.fingerlakes1.com/2026/09/16/poll-lamont-leads-fazio-by-17-points-in-connecticut-governor-race/,2026-09-14
CTG,Ned Lamont,D,approval,50.0,42.0,Quinnipiac University,2026-09-14,1288.0,LV,https://www.fingerlakes1.com/2026/09/16/poll-lamont-leads-fazio-by-17-points-in-connecticut-governor-race/,2026-09-14
CTG,Ned Lamont,D,approval,50.6,27.9,Sacred Heart University/WFSB/CT Insider,2026-07-26,1000.0,RV,https://www.sacredheart.edu/media/shu-media/press-room-2026/SHU-CT-Gubernatorial-Race-Poll-1-ADA.pdf,2026-07-26
CTG,Ryan Fazio,R,fav,28.0,25.0,Quinnipiac University,2026-09-14,1288.0,LV,https://www.fingerlakes1.com/2026/09/16/poll-lamont-leads-fazio-by-17-points-in-connecticut-governor-race/,2026-09-14
FL,Ashley Moody,R,fav,33.0,,Change Research (unfavorable not published in source),2026-09-09,1107.0,LV,https://changeresearch.com/research/2026/2026-09-10-an-emerging-florida-blue-wave,2026-09-09
FL,Ashley Moody,R,approval,36.0,28.0,Emerson College,2026-03-31,1125.0,LV,https://emersoncollegepolling.com/florida-2026-poll-donalds-leads-gop-primary-for-governor-republicans-outpace-democrats-in-florida-elections/,2026-03-31
FLG,Byron Donalds,R,fav,34.0,46.0,Change Research,2026-09-09,1107.0,LV,https://changeresearch.com/research/2026/2026-09-10-an-emerging-florida-blue-wave,2026-09-09
GA,Jon Ossoff,D,fav,46.0,36.0,AARP (Fabrizio Ward R and Impact Research D),2026-07-16,1060.0,LV,https://www.fox13now.com/politics/america-votes/seniors-to-play-outsized-role-in-tight-georgia-races-new-poll-finds,2026-07-16
GA,Jon Ossoff,D,fav,49.0,43.0,Wick Insights,2026-06-30,1175.0,LV,https://www.dailysignal.com/2026/07/08/georgia-poll-statistics/,2026-06-30
GA,Jon Ossoff,D,fav,58.0,,Fox News (Beacon Research and Shaw & Company; unfavorable not published in source),2026-06-27,1002.0,RV,https://www.foxnews.com/politics/fox-news-poll-early-look-georgia-senate-race.print,2026-06-27
GA,Mike Collins,R,fav,31.0,30.0,AARP (Fabrizio Ward R and Impact Research D),2026-07-16,1060.0,LV,https://www.ajc.com/politics/2026/07/new-georgia-poll-shows-ossoff-leading-governors-race-deadlocked/,2026-07-16
GA,Mike Collins,R,fav,40.0,37.0,Wick Insights,2026-06-30,1175.0,LV,https://www.dailysignal.com/2026/07/08/georgia-poll-statistics/,2026-06-30
GA,Mike Collins,R,fav,44.0,,Fox News (Beacon Research and Shaw & Company; unfavorable not published in source),2026-06-27,1002.0,RV,https://www.foxnews.com/politics/fox-news-poll-early-look-georgia-senate-race.print,2026-06-27
GAG,Keisha Lance Bottoms,D,fav,52.0,38.0,Fox News (Beacon Research and Shaw & Company),2026-06-27,1002.0,RV,https://www.foxnews.com/politics/fox-news-poll-early-look-georgia-senate-race.print,2026-06-27
GAG,Keisha Lance Bottoms,D,fav,44.0,40.0,Wick Insights,2026-06-30,1175.0,LV,https://www.dailysignal.com/2026/07/08/georgia-poll-statistics/,2026-06-30
GAG,Rick Jackson,R,fav,43.0,38.0,Fox News (Beacon Research and Shaw & Company),2026-06-27,1002.0,RV,https://www.foxnews.com/politics/fox-news-poll-early-look-georgia-senate-race.print,2026-06-27
GAG,Rick Jackson,R,fav,38.0,38.0,Wick Insights,2026-06-30,1175.0,LV,https://www.dailysignal.com/2026/07/08/georgia-poll-statistics/,2026-06-30
IA,Josh Turek,D,fav,44.0,36.0,Marist College,2026-09-20,1050.0,RV,https://maristpoll.marist.edu/wp-content/uploads/2026/09/Marist-Poll-IA-NOS-and-Tables_202609211631-1.pdf,2026-09-20
IA,Josh Turek,D,fav,42.0,27.0,Emerson College,2026-08-04,712.0,LV,https://emersoncollegepolling.com/iowa-2026-poll/,2026-08-04
IA,Josh Turek,D,fav,51.0,33.0,Fox News (Beacon Research and Shaw & Company),2026-06-27,1003.0,RV,https://www.foxnews.com/politics/fox-news-poll-close-senate-contest-brewing-iowa,2026-06-27
IA,Ashley Hinson,R,fav,39.0,49.0,Marist College,2026-09-20,1050.0,RV,https://maristpoll.marist.edu/wp-content/uploads/2026/09/Marist-Poll-IA-NOS-and-Tables_202609211631-1.pdf,2026-09-20
IA,Ashley Hinson,R,fav,44.0,40.0,Emerson College,2026-08-04,712.0,LV,https://emersoncollegepolling.com/iowa-2026-poll/,2026-08-04
IA,Ashley Hinson,R,fav,42.0,49.0,Fox News (Beacon Research and Shaw & Company),2026-06-27,1003.0,RV,https://www.foxnews.com/politics/fox-news-poll-close-senate-contest-brewing-iowa,2026-06-27
IAG,Rob Sand,D,fav,52.0,36.0,Marist College,2026-09-20,1050.0,RV,https://maristpoll.marist.edu/wp-content/uploads/2026/09/Marist-Poll-IA-NOS-and-Tables_202609211631-1.pdf,2026-09-20
IAG,Rob Sand,D,fav,51.0,31.0,Emerson College,2026-08-04,712.0,LV,https://emersoncollegepolling.com/iowa-2026-poll/,2026-08-04
IAG,Rob Sand,D,fav,54.0,33.0,Fox News (Beacon Research and Shaw & Company),2026-06-27,1003.0,RV,https://www.foxnews.com/politics/fox-news-poll-close-senate-contest-brewing-iowa,2026-06-27
IAG,Zach Lahn,R,fav,37.0,50.0,Marist College,2026-09-20,1050.0,RV,https://maristpoll.marist.edu/wp-content/uploads/2026/09/Marist-Poll-IA-NOS-and-Tables_202609211631-1.pdf,2026-09-20
IAG,Zach Lahn,R,fav,36.0,40.0,Emerson College,2026-08-04,712.0,LV,https://emersoncollegepolling.com/iowa-2026-poll/,2026-08-04
IAG,Zach Lahn,R,fav,38.0,41.0,Fox News (Beacon Research and Shaw & Company),2026-06-27,1003.0,RV,https://www.foxnews.com/politics/fox-news-poll-close-senate-contest-brewing-iowa,2026-06-27
MI,Abdul El-Sayed,D,fav,49.0,44.0,Emerson College/The Hill,2026-09-14,1000.0,LV,https://emersoncollegepolling.com/?p=3207,2026-09-14
MI,Abdul El-Sayed,D,fav,40.0,40.0,CNN/SSRS,2026-09-06,843.0,LV,https://www.newsweek.com/abdul-el-sayed-polling-blow-michigan-senate-mike-rogers-12421084,2026-09-06
MI,Abdul El-Sayed,D,fav,34.0,42.0,Glengariff Group,2026-09-03,600.0,LV,https://www.newsweek.com/abdul-el-sayed-polling-blow-michigan-senate-mike-rogers-12421084,2026-09-03
MI,Mike Rogers,R,fav,42.0,46.0,Emerson College/The Hill,2026-09-14,1000.0,LV,https://emersoncollegepolling.com/?p=3207,2026-09-14
MI,Mike Rogers,R,fav,35.0,42.0,CNN/SSRS,2026-09-06,843.0,LV,https://www.newsweek.com/abdul-el-sayed-polling-blow-michigan-senate-mike-rogers-12421084,2026-09-06
MI,Mike Rogers,R,fav,28.0,37.0,Glengariff Group,2026-09-03,600.0,LV,https://www.newsweek.com/abdul-el-sayed-polling-blow-michigan-senate-mike-rogers-12421084,2026-09-03
MIG,Jocelyn Benson,D,fav,47.0,38.0,Emerson College/The Hill,2026-09-14,1000.0,LV,https://emersoncollegepolling.com/?p=3207,2026-09-14
MIG,Jocelyn Benson,D,fav,49.0,42.0,Fox News,2026-08-10,1006.0,RV,https://www.foxnews.com/politics/fox-news-poll-senate-battle-looms-michigan.print,2026-08-10
MIG,Jocelyn Benson,D,fav,43.0,38.0,AARP,2026-08-11,877.0,LV,https://www.aarp.org/content/dam/aarp/research/topics/voter-opinion-research/politics/2026-midterm-election-poll-michigan-annotated-questionnaire.doi.10.26419-2fres.01065.014.pdf,2026-08-11
MIG,John James,R,fav,38.0,43.0,Emerson College/The Hill,2026-09-14,1000.0,LV,https://emersoncollegepolling.com/?p=3207,2026-09-14
MIG,John James,R,fav,41.0,44.0,Fox News,2026-08-10,1006.0,RV,https://www.foxnews.com/politics/fox-news-poll-senate-battle-looms-michigan.print,2026-08-10
MIG,John James,R,fav,38.0,41.0,AARP,2026-08-11,877.0,LV,https://www.aarp.org/content/dam/aarp/research/topics/voter-opinion-research/politics/2026-midterm-election-poll-michigan-annotated-questionnaire.doi.10.26419-2fres.01065.014.pdf,2026-08-11
ME,Susan Collins,R,fav,51.0,48.0,NYT/Siena/Portland Press Herald,2026-09-22,619.0,LV,https://www.bangordailynews.com/2026/09/24/news/maine-election-senate-2026-susan-collins-poll-lead-nyt/,2026-09-22
ME,Susan Collins,R,fav,37.0,51.0,UNH Survey Center,2026-09-21,1302.0,LV,https://scholars.unh.edu/survey_center_polls/1007/,2026-09-21
ME,Susan Collins,R,fav,46.3,53.0,Quantus Insights,2026-09-15,644.0,LV,https://www.breitbart.com/politics/2026/09/16/poll-susan-collins-holds-narrow-lead-democrat-troy-jackson-maine/,2026-09-15
ME,Troy Jackson,D,fav,41.0,49.0,NYT/Siena/Portland Press Herald,2026-09-22,619.0,LV,https://www.foxnews.com/politics/susan-collins-defies-blue-state-headwinds-crucial-senate-battle-new-poll-reveals-striking-split.print,2026-09-22
ME,Troy Jackson,D,fav,39.0,47.0,UNH Survey Center,2026-09-21,1304.0,LV,https://scholars.unh.edu/survey_center_polls/1007/,2026-09-21
ME,Troy Jackson,D,fav,45.5,50.6,Quantus Insights,2026-09-15,644.0,LV,https://www.breitbart.com/politics/2026/09/16/poll-susan-collins-holds-narrow-lead-democrat-troy-jackson-maine/,2026-09-15
MEG,Hannah Pingree,D,fav,38.0,43.0,UNH Survey Center,2026-09-21,1302.0,LV,https://scholars.unh.edu/survey_center_polls/1007/,2026-09-21
MEG,Bobby Charles,R,fav,27.0,48.0,UNH Survey Center,2026-09-21,1303.0,LV,https://scholars.unh.edu/survey_center_polls/1007/,2026-09-21
MN,Peggy Flanagan,D,fav,50.0,46.0,Quantus Insights,2026-09-10,720.0,LV,https://www.newsweek.com/peggy-flanagans-chances-of-losing-to-michele-tafoya-in-minnesota-polls-12432045,2026-09-10
MN,Peggy Flanagan,D,fav,39.0,34.0,TIPP Insights/League of American Workers,2026-09-02,1201.0,LV,https://www.newsweek.com/minnesota-senate-race-deadlocked-with-democrat-and-republican-poll-shows-12417519,2026-09-02
MN,Michele Tafoya,R,fav,42.4,42.0,Quantus Insights,2026-09-10,720.0,LV,https://www.newsweek.com/peggy-flanagans-chances-of-losing-to-michele-tafoya-in-minnesota-polls-12432045,2026-09-10
MN,Michele Tafoya,R,fav,34.0,30.0,TIPP Insights/League of American Workers,2026-09-02,1201.0,LV,https://www.newsweek.com/minnesota-senate-race-deadlocked-with-democrat-and-republican-poll-shows-12417519,2026-09-02
MNG,Amy Klobuchar,D,fav,50.0,31.0,Mason-Dixon (Star Tribune/MPR/KARE 11),2026-06-10,800.0,LV,https://www.kttc.com/2026/06/15/new-polls-favor-dfl-race-mn-governor-us-senate/,2026-06-10
MNG,Amy Klobuchar,D,approval,50.0,38.0,SurveyUSA/KSTP,2026-08-17,661.0,LV,https://kstp.com/?p=4002340,2026-08-17
MA,Ed Markey,D,fav,53.0,38.0,UNH Survey Center (Bay State Poll),2026-09-21,563.0,LV,https://scholars.unh.edu/survey_center_polls/1008/,2026-09-21
MA,Ed Markey,D,fav,37.0,35.0,Emerson College,2026-05-04,1000.0,RV,https://emersoncollegepolling.com/massachusetts-2026-poll/,2026-05-04
MA,John Deaton,R,fav,22.0,23.0,UNH Survey Center (Bay State Poll),2026-09-21,564.0,LV,https://scholars.unh.edu/survey_center_polls/1008/,2026-09-21
MAG,Maura Healey,D,fav,40.0,41.0,UNH Survey Center (Bay State Poll),2026-09-21,564.0,LV,https://scholars.unh.edu/survey_center_polls/1008/,2026-09-21
MAG,Maura Healey,D,fav,45.0,35.0,Emerson College,2026-05-04,1000.0,RV,https://emersoncollegepolling.com/massachusetts-2026-poll/,2026-05-04
MAG,Maura Healey,D,approval,52.0,47.0,UNH Survey Center (Bay State Poll),2026-09-21,557.0,A,https://scholars.unh.edu/survey_center_polls/1008/,2026-09-21
MAG,Maura Healey,D,approval,50.0,48.0,UNH Survey Center (Bay State Poll),2026-08-24,975.0,A,https://scholars.unh.edu/survey_center_polls/992/,2026-08-24
MAG,Michael Minogue,R,fav,37.0,39.0,UNH Survey Center (Bay State Poll),2026-09-21,564.0,LV,https://scholars.unh.edu/survey_center_polls/1008/,2026-09-21
MDG,Wes Moore,D,approval,56.0,39.0,Zenith Research (Maryland Now),2026-08-03,800.0,LV,https://marylandmatters.org/2026/08/12/poll-moore-enjoys-comfortable-early-lead-against-cox-in-governors-rematch/,2026-08-03
ID,Jim Risch,R,approval,35.9,49.2,Advanced Targeting Research,2026-09-16,700.0,RV,https://www.advancedtargetingresearch.com/_files/ugd/03a624_0fca9a6dd7f846f7bc96f97429561064.pdf,2026-09-16
ID,Jim Risch,R,approval,32.0,39.0,Public Policy Polling,2026-03-17,639.0,RV,https://data.ddhq.io/polls/2026/03/21/Public-Policy-Polling-Idaho,2026-03-17
ID,Jim Risch,R,fav,46.0,25.0,Peak Insights (Risch campaign memo),2026-06-07,500.0,LV,https://senatorrisch.com/wp-content/uploads/2026/06/Polling-June-2026-Memo.pdf,2026-06-07
ID,Todd Achilles,I,fav,47.2,11.2,Advanced Targeting Research,2026-09-16,700.0,RV,https://www.advancedtargetingresearch.com/_files/ugd/03a624_0fca9a6dd7f846f7bc96f97429561064.pdf,2026-09-16
ID,Todd Achilles,I,fav,10.0,2.0,Peak Insights (Risch campaign memo),2026-06-07,500.0,LV,https://senatorrisch.com/wp-content/uploads/2026/06/Polling-June-2026-Memo.pdf,2026-06-07
ILG,JB Pritzker,D,approval,51.0,42.0,Emerson College (primary voters),2026-01-05,1000.0,LV,https://emersoncollegepolling.com/illinois-2026-poll-krishamoorthi-leads-democratic-senate-primary-plurality-still-undecided/,2026-01-05
ILG,JB Pritzker,D,approval,52.2,40.9,Victory Research,2025-11-24,1208.0,LV,https://www.fox32chicago.com/news/illinois-jb-pritzker-poll-nov-25,2025-11-24
KS,Roger Marshall,R,fav,41.0,48.0,Emerson College,2026-09-16,750.0,LV,https://emersoncollegepolling.com/kansas-2026/,2026-09-16
KS,Adam Hamilton,D,fav,41.0,30.0,Emerson College,2026-09-16,750.0,LV,https://emersoncollegepolling.com/kansas-2026/,2026-09-16
KSG,Ty Masterson,R,fav,40.0,44.0,Emerson College,2026-09-16,750.0,LV,https://emersoncollegepolling.com/kansas-2026/,2026-09-16
KSG,Ty Masterson,R,fav,35.0,46.0,Global Strategy Group (D),2026-08-16,600.0,LV,https://sunflowerstatejournal.com/wp-content/uploads/2026/08/KS_Gov-Memo_D08.26.26.docx.pdf,2026-08-16
KSG,Cindy Holscher,D,fav,38.0,35.0,Emerson College,2026-09-16,750.0,LV,https://emersoncollegepolling.com/kansas-2026/,2026-09-16
KSG,Cindy Holscher,D,fav,35.0,23.0,Global Strategy Group (D),2026-08-16,600.0,LV,https://sunflowerstatejournal.com/wp-content/uploads/2026/08/KS_Gov-Memo_D08.26.26.docx.pdf,2026-08-16
MS,Cindy Hyde-Smith,R,fav,40.0,50.0,Data for Progress (D),2026-08-15,1018.0,LV,https://www.newsweek.com/democrat-in-striking-distance-of-flipping-state-trump-won-by-23-pointspoll-12382515,2026-08-15
MS,Cindy Hyde-Smith,R,fav,43.0,52.0,Impact Research (D) for SPLC Action Fund,2026-04-12,500.0,LV,https://www.splcactionfund.org/wp-content/uploads/sites/2/2026/04/2026-04-IMPACT-Baseline-MS-Statewide-Senate-GE-Bench-Apr-2026.pdf,2026-04-12
MS,Scott Colom,D,fav,28.0,15.0,Data for Progress (D),2026-08-15,1018.0,LV,https://www.newsweek.com/democrat-in-striking-distance-of-flipping-state-trump-won-by-23-pointspoll-12382515,2026-08-15
MS,Scott Colom,D,fav,35.0,55.0,Impact Research (D) for SPLC Action Fund,2026-04-12,500.0,LV,https://www.splcactionfund.org/wp-content/uploads/sites/2/2026/04/2026-04-IMPACT-Baseline-MS-Statewide-Senate-GE-Bench-Apr-2026.pdf,2026-04-12
NC,Roy Cooper,D,fav,51.0,41.0,High Point University Poll 127,2026-09-16,706.0,LV,https://www.highpoint.edu/src/files/2023/08/HPUPoll127MemoA-1.pdf,2026-09-16
NC,Michael Whatley,R,fav,40.0,45.0,High Point University Poll 127,2026-09-16,706.0,LV,https://www.highpoint.edu/src/files/2023/08/HPUPoll127MemoA-1.pdf,2026-09-16
NC,Roy Cooper,D,fav,47.1,43.1,Carolina Journal Poll,,,LV,https://www.carolinajournal.com/polls/september-2026-roy-coopers-lead-grows-to-15-points-in-nc-senate-race/,
NC,Michael Whatley,R,fav,26.4,42.0,Carolina Journal Poll,,,LV,https://www.carolinajournal.com/polls/september-2026-roy-coopers-lead-grows-to-15-points-in-nc-senate-race/,
NC,Roy Cooper,D,fav,50.0,35.0,Elon University Poll (YouGov); sums of published very and somewhat categories,2026-08-31,677.0,RV,https://eloncdn.blob.core.windows.net/eu3/sites/819/2026/09/Elon-University-Poll-Topline-Methodology-9-10-26.pdf,2026-08-31
NC,Michael Whatley,R,fav,35.0,44.0,Elon University Poll (YouGov); sums of published very and somewhat categories,2026-08-31,677.0,RV,https://eloncdn.blob.core.windows.net/eu3/sites/819/2026/09/Elon-University-Poll-Topline-Methodology-9-10-26.pdf,2026-08-31
NEG,Jim Pillen,R,fav,35.0,52.0,SurveyUSA,2026-09-13,503.0,LV,https://www.ellisinsight.com/senate/nebraskas-notable-numbers/,2026-09-13
NE,Pete Ricketts,R,fav,40.0,47.0,co/efficient,2026-09-30,1113.0,LV,https://battlegrounds.coefficient.org/ne/,2026-09-30
NE,Dan Osborn,I,fav,37.0,50.0,co/efficient,2026-09-30,1113.0,LV,https://battlegrounds.coefficient.org/ne/,2026-09-30
NE,Pete Ricketts,R,fav,44.0,54.0,Impact Research (D),2026-08-13,600.0,LV,https://www.newsweek.com/republicans-chances-of-losing-to-dan-osborn-in-nebraska-senate-race-12370545,2026-08-13
NE,Dan Osborn,I,fav,48.0,44.0,Impact Research (D),2026-08-13,600.0,LV,https://www.newsweek.com/republicans-chances-of-losing-to-dan-osborn-in-nebraska-senate-race-12370545,2026-08-13
NH,Chris Pappas,D,fav,33.0,47.0,UNH Granite State Poll,2026-09-21,1417.0,LV,https://scholars.unh.edu/cgi/viewcontent.cgi?article=2004&context=survey_center_polls,2026-09-21
NH,John E. Sununu,R,fav,34.0,49.0,UNH Granite State Poll,2026-09-21,1404.0,LV,https://scholars.unh.edu/cgi/viewcontent.cgi?article=2004&context=survey_center_polls,2026-09-21
NH,Chris Pappas,D,fav,37.0,51.0,co/efficient,2026-09-11,958.0,LV,https://battlegrounds.coefficient.org/nh/,2026-09-11
NH,John E. Sununu,R,fav,41.0,47.0,co/efficient,2026-09-11,958.0,LV,https://battlegrounds.coefficient.org/nh/,2026-09-11
NHG,Kelly Ayotte,R,fav,43.0,39.0,UNH Granite State Poll,2026-09-21,1415.0,LV,https://scholars.unh.edu/cgi/viewcontent.cgi?article=2004&context=survey_center_polls,2026-09-21
NHG,Kelly Ayotte,R,fav,38.0,42.0,UNH Granite State Poll,2026-06-23,2393.0,LV,https://scholars.unh.edu/cgi/viewcontent.cgi?article=1973&context=survey_center_polls,2026-06-23
NHG,Cinde Warmington,D,fav,18.0,45.0,UNH Granite State Poll,2026-09-21,1414.0,LV,https://scholars.unh.edu/cgi/viewcontent.cgi?article=2004&context=survey_center_polls,2026-09-21
NHG,Cinde Warmington,D,fav,13.0,27.0,UNH Granite State Poll,2026-06-23,2388.0,LV,https://scholars.unh.edu/cgi/viewcontent.cgi?article=1973&context=survey_center_polls,2026-06-23
NHG,Kelly Ayotte,R,approval,51.0,44.0,UNH Granite State Poll,2026-09-21,1539.0,A,https://scholars.unh.edu/cgi/viewcontent.cgi?article=2004&context=survey_center_polls,2026-09-21
NHG,Kelly Ayotte,R,approval,49.0,42.0,UNH Granite State Poll,2026-08-24,2143.0,A,https://scholars.unh.edu/cgi/viewcontent.cgi?article=1990&context=survey_center_polls,2026-08-24
NHG,Kelly Ayotte,R,approval,47.0,45.0,UNH Granite State Poll,2026-06-23,2394.0,A,https://scholars.unh.edu/cgi/viewcontent.cgi?article=1973&context=survey_center_polls,2026-06-23
NJ,Cory Booker,D,fav,38.0,33.0,Rutgers-Eagleton Poll,2026-03-30,1583.0,A,https://newjerseyglobe.com/polling/rutgers-eagleton-poll-puts-sherrill-job-approvals-at-45/,2026-03-30
NVG,Joe Lombardo,R,fav,49.0,39.0,Emerson College Polling,2026-09-08,680.0,LV,https://emersoncollegepolling.com/nevada-2026-poll-ford-and-lombardo/,2026-09-08
NVG,Aaron Ford,D,fav,41.0,38.0,Emerson College Polling,2026-09-08,680.0,LV,https://emersoncollegepolling.com/nevada-2026-poll-ford-and-lombardo/,2026-09-08
NVG,Joe Lombardo,R,fav,49.0,38.0,Noble Predictive Insights,2026-03-13,845.0,RV,https://www.noblepredictiveinsights.com/post/nvgov-lombardo-keeps-pace-with-ford-as-undecideds-hold-the-balance,2026-03-13
NVG,Aaron Ford,D,fav,40.0,33.0,Noble Predictive Insights,2026-03-13,845.0,RV,https://www.noblepredictiveinsights.com/post/nvgov-lombardo-keeps-pace-with-ford-as-undecideds-hold-the-balance,2026-03-13
NVG,Joe Lombardo,R,approval,40.0,39.0,Emerson College Polling,2026-09-08,680.0,LV,https://emersoncollegepolling.com/nevada-2026-poll-ford-and-lombardo/,2026-09-08
NVG,Joe Lombardo,R,approval,34.0,36.0,Emerson College Polling,2025-11-18,800.0,RV,https://emersoncollegepolling.com/nevada-2026-poll/,2025-11-18
NYG,Kathy Hochul,D,fav,48.0,46.0,Siena Research Institute,2026-09-17,1144.0,LV,https://sri.siena.edu/wp-content/uploads/2026/09/SNY-September-2026-Poll-Release-9-23-26.pdf,2026-09-17
NYG,Kathy Hochul,D,fav,46.0,49.0,Siena Research Institute,2026-08-06,811.0,LV,https://sri.siena.edu/wp-content/uploads/2026/09/SNY-September-2026-Poll-Release-9-23-26.pdf,2026-08-06
NYG,Kathy Hochul,D,fav,41.0,46.0,Siena Research Institute,2026-04-30,806.0,RV,https://sri.siena.edu/2026/05/05/hochul-favorability-approval-ratings-each-drop-8-points-to-lowest-levels-in-last-year-her-lead-over-blakeman-grows-3-points-to-49-33/,2026-04-30
NYG,Bruce Blakeman,R,fav,35.0,34.0,Siena Research Institute,2026-09-17,1144.0,LV,https://sri.siena.edu/wp-content/uploads/2026/09/SNY-September-2026-Poll-Release-9-23-26.pdf,2026-09-17
NYG,Bruce Blakeman,R,fav,33.0,26.0,Siena Research Institute,2026-08-06,811.0,LV,https://sri.siena.edu/wp-content/uploads/2026/09/SNY-September-2026-Poll-Release-9-23-26.pdf,2026-08-06
NYG,Kathy Hochul,D,approval,48.0,47.0,Siena Research Institute,2026-09-17,1144.0,LV,https://sri.siena.edu/wp-content/uploads/2026/09/SNY-September-2026-Poll-Release-9-23-26.pdf,2026-09-17
NYG,Kathy Hochul,D,approval,48.0,49.0,Siena Research Institute,2026-08-06,811.0,LV,https://sri.siena.edu/wp-content/uploads/2026/09/SNY-September-2026-Poll-Release-9-23-26.pdf,2026-08-06
NYG,Kathy Hochul,D,approval,48.0,44.0,Siena Research Institute,2026-04-30,806.0,RV,https://sri.siena.edu/2026/05/05/hochul-favorability-approval-ratings-each-drop-8-points-to-lowest-levels-in-last-year-her-lead-over-blakeman-grows-3-points-to-49-33/,2026-04-30
OH,Sherrod Brown,D,fav,45.0,45.0,Marist Poll,2026-09-27,1298.0,RV,https://maristpoll.marist.edu/wp-content/uploads/2026/09/Marist-Poll_OH-NOS-and-Tables_202609281347aC909p6465.pdf,2026-09-27
OH,Jon Husted,R,fav,36.0,48.0,Marist Poll,2026-09-27,1298.0,RV,https://maristpoll.marist.edu/wp-content/uploads/2026/09/Marist-Poll_OH-NOS-and-Tables_202609281347aC909p6465.pdf,2026-09-27
OH,Sherrod Brown,D,fav,42.0,41.0,BGSU Democracy and Public Policy Network (YouGov); sums of published strongly and somewhat categories,2026-09-10,1000.0,LV,https://scholarworks.bgsu.edu/cgi/viewcontent.cgi?article=1026&context=depo,2026-09-10
OH,Sherrod Brown,D,fav,51.0,47.0,Fox News Poll,2026-08-10,1008.0,RV,https://foxnews.com/politics/fox-news-poll-economic-anxiety-candidate-concerns-define-ohio-senate-race.amp,2026-08-10
OH,Jon Husted,R,fav,43.0,53.0,Fox News Poll,2026-08-10,1008.0,RV,https://foxnews.com/politics/fox-news-poll-economic-anxiety-candidate-concerns-define-ohio-senate-race.amp,2026-08-10
OHG,Amy Acton,D,fav,43.0,44.0,Marist Poll,2026-09-27,1298.0,RV,https://maristpoll.marist.edu/wp-content/uploads/2026/09/Marist-Poll_OH-NOS-and-Tables_202609281347aC909p6465.pdf,2026-09-27
OHG,Vivek Ramaswamy,R,fav,38.0,50.0,Marist Poll,2026-09-27,1298.0,RV,https://maristpoll.marist.edu/wp-content/uploads/2026/09/Marist-Poll_OH-NOS-and-Tables_202609281347aC909p6465.pdf,2026-09-27
OHG,Amy Acton,D,fav,41.0,42.0,BGSU Democracy and Public Policy Network (YouGov),2026-09-10,1000.0,LV,https://www.newsweek.com/vivek-ramaswamy-vs-amy-acton-poll-decline-support-12452312,2026-09-10
OHG,Vivek Ramaswamy,R,fav,36.0,47.0,BGSU Democracy and Public Policy Network (YouGov),2026-09-10,1000.0,LV,https://www.newsweek.com/vivek-ramaswamy-vs-amy-acton-poll-decline-support-12452312,2026-09-10
OHG,Amy Acton,D,fav,43.0,47.0,Fox News Poll,2026-08-10,1008.0,RV,https://foxnews.com/politics/fox-news-poll-economic-anxiety-candidate-concerns-define-ohio-senate-race.amp,2026-08-10
OHG,Vivek Ramaswamy,R,fav,46.0,44.0,Fox News Poll,2026-08-10,1008.0,RV,https://foxnews.com/politics/fox-news-poll-economic-anxiety-candidate-concerns-define-ohio-senate-race.amp,2026-08-10
ORG,Tina Kotek,D,fav,38.0,60.0,DHM Research for OPB,2026-09-27,915.0,LV,https://www.newsweek.com/gop-may-win-governor-race-oregon-first-time-44-years-poll-12512718,2026-09-27
ORG,Christine Drazan,R,fav,45.0,45.0,DHM Research for OPB,2026-09-27,915.0,LV,https://www.newsweek.com/gop-may-win-governor-race-oregon-first-time-44-years-poll-12512718,2026-09-27
ORG,Tina Kotek,D,fav,37.0,56.0,Public Opinion Strategies (R; Drazan campaign poll),2026-06-24,600.0,RV,https://www.opb.org/pdf/Oregon Statewide Survey Topline_1783692333016.pdf,2026-06-24
ORG,Christine Drazan,R,fav,33.0,26.0,Public Opinion Strategies (R; Drazan campaign poll),2026-06-24,600.0,RV,https://www.opb.org/pdf/Oregon Statewide Survey Topline_1783692333016.pdf,2026-06-24
ORG,Tina Kotek,D,approval,37.0,59.0,DHM Research for Grow Oregon,2026-09-09,600.0,LV,https://www.opb.org/article/2026/09/15/oregon-governors-race-tina-kotek-christine-drazan-poll/,2026-09-09
ORG,Tina Kotek,D,approval,38.0,57.0,Public Opinion Strategies (R; Drazan campaign poll),2026-06-24,600.0,RV,https://www.opb.org/pdf/Oregon Statewide Survey Topline_1783692333016.pdf,2026-06-24
PAG,Josh Shapiro,D,fav,63.0,32.0,NYT/Siena/Philadelphia Inquirer,2026-09-22,615.0,RV,https://www.cityandstatepa.com/politics/2026/09/pennsylvania-polls-show-democrats-leading-midterm-election-nears/416229/,2026-09-22
PAG,Josh Shapiro,D,approval,60.0,33.0,NYT/Siena/Philadelphia Inquirer,2026-09-22,615.0,RV,https://www.cityandstatepa.com/politics/2026/09/pennsylvania-polls-show-democrats-leading-midterm-election-nears/416229/,2026-09-22
PAG,Josh Shapiro,D,fav,51.0,33.0,Quinnipiac University,2026-07-13,895.0,RV,https://poll.qu.edu/images/polling/pa/pa07152026_peaq78.pdf,2026-07-13
PAG,Josh Shapiro,D,approval,56.0,34.0,Quinnipiac University,2026-07-13,895.0,RV,https://poll.qu.edu/images/polling/pa/pa07152026_peaq78.pdf,2026-07-13
PAG,Stacy Garrity,R,fav,29.0,27.0,NYT/Siena/Philadelphia Inquirer,2026-09-22,615.0,RV,https://www.cityandstatepa.com/politics/2026/09/pennsylvania-polls-show-democrats-leading-midterm-election-nears/416229/,2026-09-22
PAG,Stacy Garrity,R,fav,22.0,18.0,Quinnipiac University,2026-07-13,895.0,RV,https://poll.qu.edu/images/polling/pa/pa07152026_peaq78.pdf,2026-07-13
RIG,Helena Foulkes,D,fav,27.0,29.0,Emerson College,2026-05-16,1000.0,LV,https://emersoncollegepolling.com/rhode-island-2026-helena-foulkes-leads-incumbent-governor-mckee-in-democratic-primary/,2026-05-16
RIG,Aaron Guckian,R,fav,10.0,15.0,Emerson College,2026-05-16,1000.0,LV,https://emersoncollegepolling.com/rhode-island-2026-helena-foulkes-leads-incumbent-governor-mckee-in-democratic-primary/,2026-05-16
RI,Jack Reed,D,approval,42.0,38.0,Emerson College,2026-05-16,1000.0,LV,https://emersoncollegepolling.com/rhode-island-2026-helena-foulkes-leads-incumbent-governor-mckee-in-democratic-primary/,2026-05-16
SC,Annie Andrews,D,fav,36.0,21.0,Impact Research (D; Andrews campaign internal),2026-08-24,700.0,LV,https://mediaite.com/politics/democrat-annie-andrews-releases-internal-poll-of-sc-senate-race-with-surprising-numbers,2026-08-24
SC,Darline Graham,R,fav,36.0,49.0,Impact Research (D; Andrews campaign internal),2026-08-24,700.0,LV,https://mediaite.com/politics/democrat-annie-andrews-releases-internal-poll-of-sc-senate-race-with-surprising-numbers,2026-08-24
SCG,Jermaine Johnson,D,fav,36.0,17.0,Hart Research (D),2026-08-15,600.0,LV,https://www.washingtonexaminer.com/?p=4702087,2026-08-15
SCG,Alan Wilson,R,fav,38.0,25.0,Hart Research (D),2026-08-15,600.0,LV,https://www.washingtonexaminer.com/?p=4702087,2026-08-15
SD,Mike Rounds,R,approval,55.0,34.0,Mason-Dixon,2026-04-09,500.0,RV,https://www.sdnewswatch.org/south-dakota-poll-trump-noem-rounds-thune-rhoden/,2026-04-09
SD,Mike Rounds,R,approval,32.0,43.0,Emerson College/KELO,2026-05-19,875.0,LV,https://emersoncollegepolling.com/south-dakota-2026-poll-toby-doeden-dusty-johnson-lead-primary-for-governor/,2026-05-19
SD,Mike Rounds,R,approval,37.0,41.0,Emerson College,2026-03-09,1000.0,LV,https://emersoncollegepolling.com/south-dakota-2026-poll-dusty-johnson-leads-incumbent-larry-rhoden-in-governor-election/,2026-03-09
SDG,Larry Rhoden,R,approval,53.0,29.0,Mason-Dixon,2026-04-09,500.0,RV,https://www.sdnewswatch.org/south-dakota-poll-trump-noem-rounds-thune-rhoden/,2026-04-09
SDG,Larry Rhoden,R,approval,26.0,39.0,Emerson College/KELO,2026-05-19,875.0,LV,https://emersoncollegepolling.com/south-dakota-2026-poll-toby-doeden-dusty-johnson-lead-primary-for-governor/,2026-05-19
SDG,Larry Rhoden,R,approval,35.0,30.0,Emerson College,2026-03-09,1000.0,LV,https://emersoncollegepolling.com/south-dakota-2026-poll-dusty-johnson-leads-incumbent-larry-rhoden-in-governor-election/,2026-03-09
TN,Bill Hagerty,R,approval,51.0,,Vanderbilt University (disapproval not found),2026-04-29,1203.0,RV,https://news.vanderbilt.edu/2026/05/20/vanderbilt-poll-tennesseans-continue-to-express-anxiety-about-the-economy/,2026-04-29
TNG,Marsha Blackburn,R,approval,51.0,,Vanderbilt University (disapproval not found),2026-04-29,1203.0,RV,https://news.vanderbilt.edu/2026/05/20/vanderbilt-poll-tennesseans-continue-to-express-anxiety-about-the-economy/,2026-04-29
TXG,Greg Abbott,R,fav,46.0,47.0,Emerson College,2026-09-14,1000.0,LV,https://emersoncollegepolling.com/texas-2026-poll-talarico-and-paxton-in-dead-heat-abbott-maintains-edge/,2026-09-14
TXG,Greg Abbott,R,fav,44.0,47.0,N+ Univision/YouGov,2026-09-04,1000.0,RV,https://www.fox4news.com/news/abbott-hinojosa-deadlocked-new-texas-governor-poll,2026-09-04
TXG,Greg Abbott,R,fav,45.0,45.0,UT/Texas Politics Project,2026-08-13,1200.0,RV,https://texaspolitics.utexas.edu/blog/new-ut-texas-politics-project-poll-finds-talarico-leading-paxton-abbott-leading-hinojosa-continued-resistance-to-data-centers-2,2026-08-13
TXG,Greg Abbott,R,approval,43.0,46.0,UT/Texas Politics Project,2026-08-13,1200.0,RV,https://texaspolitics.utexas.edu/blog/new-ut-texas-politics-project-poll-finds-talarico-leading-paxton-abbott-leading-hinojosa-continued-resistance-to-data-centers-2,2026-08-13
TXG,Greg Abbott,R,approval,46.0,49.0,Emerson College,2026-08-10,1000.0,LV,https://emersoncollegepolling.com/texas-2026-poll-paxton-and-talarico/,2026-08-10
TXG,Gina Hinojosa,D,fav,42.0,32.0,Emerson College,2026-09-14,1000.0,LV,https://emersoncollegepolling.com/texas-2026-poll-talarico-and-paxton-in-dead-heat-abbott-maintains-edge/,2026-09-14
TXG,Gina Hinojosa,D,fav,42.0,29.0,N+ Univision/YouGov,2026-09-04,1000.0,RV,https://www.fox4news.com/news/abbott-hinojosa-deadlocked-new-texas-governor-poll,2026-09-04
TXG,Gina Hinojosa,D,fav,34.0,23.0,UT/Texas Politics Project,2026-08-13,1200.0,RV,https://texaspolitics.utexas.edu/blog/new-ut-texas-politics-project-poll-finds-talarico-leading-paxton-abbott-leading-hinojosa-continued-resistance-to-data-centers-2,2026-08-13
TX,James Talarico,D,fav,47.0,50.0,Texas Southern University Barbara Jordan Center,2026-09-19,1800.0,LV,https://www.fox4news.com/election/james-talarico-ken-paxton-texas-us-senate-tsu-poll,2026-09-19
TX,James Talarico,D,fav,48.0,42.0,Emerson College,2026-09-14,1000.0,LV,https://emersoncollegepolling.com/texas-2026-poll-talarico-and-paxton-in-dead-heat-abbott-maintains-edge/,2026-09-14
TX,James Talarico,D,fav,42.0,32.0,UT/Texas Politics Project,2026-08-13,1200.0,RV,https://texaspolitics.utexas.edu/blog/new-ut-texas-politics-project-poll-finds-talarico-leading-paxton-abbott-leading-hinojosa-continued-resistance-to-data-centers-2,2026-08-13
TX,Ken Paxton,R,fav,43.0,55.0,Texas Southern University Barbara Jordan Center,2026-09-19,1800.0,LV,https://www.fox4news.com/election/james-talarico-ken-paxton-texas-us-senate-tsu-poll,2026-09-19
TX,Ken Paxton,R,fav,40.0,48.0,Emerson College,2026-09-14,1000.0,LV,https://emersoncollegepolling.com/texas-2026-poll-talarico-and-paxton-in-dead-heat-abbott-maintains-edge/,2026-09-14
TX,Ken Paxton,R,fav,34.0,47.0,UT/Texas Politics Project,2026-08-13,1200.0,RV,https://texaspolitics.utexas.edu/blog/new-ut-texas-politics-project-poll-finds-talarico-leading-paxton-abbott-leading-hinojosa-continued-resistance-to-data-centers-2,2026-08-13
TX,Ken Paxton,R,approval,33.0,47.0,UT/Texas Politics Project (as Attorney General),2026-08-13,1200.0,RV,https://texaspolitics.utexas.edu/blog/new-ut-texas-politics-project-poll-finds-talarico-leading-paxton-abbott-leading-hinojosa-continued-resistance-to-data-centers-2,2026-08-13
VTG,Phil Scott,R,approval,51.0,43.0,UNH Survey Center,2026-06-23,981.0,A,https://vermontbiz.com/node/244050,2026-06-23
VTG,Phil Scott,R,approval,47.0,,UNH Survey Center (disapproval and exact dates not found; released 2026-09-24),,882.0,,https://www.newsfromthestates.com/article/latest-poll-shows-gov-phil-scott-and-amanda-janoo-tightest-race-decade,
VTG,Phil Scott,R,approval,45.0,,Vermont Public/Vermont State University (Rich Clark; disapproval and dates not found; released 2026-09-28),,817.0,A,https://www.nhpr.org/2026-09-28/poll-shows-amanda-janoo-closing-on-phil-scott-governors-race,
VTG,Phil Scott,R,approval,74.0,19.0,Morning Consult Q4 2025 quarterly governor ranking (end date approximate),2025-12-31,,RV,https://www.wcax.com/2026/02/06/poll-finds-scott-remains-americas-most-popular-governor/,2025-12-31
WIG,David Crowley,D,fav,33.0,29.0,Marquette Law School,2026-08-20,891.0,RV,https://www.wpr.org/news/governors-race-poll-tiffany-crowley-marquette,2026-08-20
WIG,Tom Tiffany,R,fav,39.0,42.0,Marquette Law School,2026-08-20,891.0,RV,https://www.wpr.org/news/governors-race-poll-tiffany-crowley-marquette,2026-08-20
